rank,name,position,bat_side,team,home_away,batting_order,venue,opp_team,opp_pitcher,pitcher_hand,days_rest,lineup_confirmed,composite_score,projected_fpts,rolling_7d_fpts_g,rolling_14d_fpts_g,rolling_30d_fpts_g,woba,wrc_plus,bb_pct,k_pct,iso,babip,xwoba_7d,xwoba_14d,xwoba_30d,barrel_pct_7d,barrel_pct_14d,barrel_pct_30d,hard_hit_pct_7d,hard_hit_pct_14d,hard_hit_pct_30d,avg_ev_7d,avg_ev_14d,avg_ev_30d,ev_stdev_30d,ev_floor_30d,ev_ceiling_30d,doc_avg_ev_30d,opp_era,opp_fip,opp_whip,opp_k_pct,platoon_same_hand,platoon_advantage,platoon_batter_woba,platoon_batter_split,platoon_pitcher_woba_against,platoon_pitcher_split,platoon_edge_woba,park_hr_factor,park_runs_factor,park_hits_factor,temp_f,wind_speed_mph,wind_direction,precip_pct,is_indoor
1,Luis García Jr.,1B,L,Washington Nationals,away,2,Fenway Park,Boston Red Sox,Ranger Suarez,L,1,False,15.535,2.94,20.17,12.75,11.12,,,,,,,0.707,0.485,0.425,16.2,11.3,8.8,29.7,25.8,25.7,86.1,84.8,84.2,14.7,69.0,105.2,90.2,2.83,2.6,1.14,0.249,True,,,,,,,0.95,1.05,1.1,75.5,6.8,ENE,0,False
2,Pete Crow-Armstrong,CF,L,Chicago Cubs,home,1,Wrigley Field,San Diego Padres,,,1,False,14.318,5.09,10.71,15.67,15.0,,,,,,,0.301,0.383,0.42,2.5,4.2,7.3,20.0,31.0,35.8,75.2,80.3,84.1,17.8,63.1,104.9,86.3,,,,,False,,,,,,,1.05,1.03,1.02,81.4,11.1,S,0,False
3,Miguel Vargas,3B,R,Chicago White Sox,away,2,Oriole Park at Camden Yards,Baltimore Orioles,Shane Baz,R,1,False,12.584,3.59,15.83,8.67,9.76,,,,,,,0.542,0.451,0.445,9.4,10.2,7.2,28.1,28.8,30.2,83.5,85.0,84.6,16.5,65.8,103.2,83.2,4.31,3.74,1.38,0.199,True,batter,0.33,vs RHP,0.279,vs RHB,0.051,1.1,1.05,1.03,77,4.8,E,10,False
4,Ryan O'Hearn,RF,L,Pittsburgh Pirates,away,5,Citizens Bank Park,Philadelphia Phillies,Aaron Nola,R,1,False,12.153,5.3,14.0,11.17,8.44,,,,,,,0.399,0.331,0.273,4.8,3.9,2.8,23.8,26.0,24.8,83.4,82.9,82.7,15.3,65.0,100.1,85.7,5.58,4.82,1.45,0.232,False,,,,,,,1.08,1.06,1.03,76.7,2.9,ENE,0,False
5,Konnor Griffin,SS,R,Pittsburgh Pirates,away,1,Citizens Bank Park,Philadelphia Phillies,Aaron Nola,R,1,False,12.091,4.82,11.5,11.5,11.33,,,,,,,0.454,0.454,0.351,7.7,7.7,4.8,38.5,38.5,33.3,88.2,88.2,82.3,16.7,62.4,100.7,83.9,5.58,4.82,1.45,0.232,True,,,,,,,1.08,1.06,1.03,76.7,2.9,ENE,0,False
6,Brandon Marsh,LF,L,Philadelphia Phillies,home,5,Citizens Bank Park,Pittsburgh Pirates,Braxton Ashcraft,R,1,False,12.03,3.17,13.71,10.92,9.89,,,,,,,0.365,0.305,0.321,8.3,6.3,4.9,22.9,19.0,19.0,79.6,79.2,79.6,15.2,63.7,101.8,81.8,3.07,2.64,1.09,0.273,False,batter,0.387,vs RHP,0.297,vs LHB,0.09,1.08,1.06,1.03,76.7,2.9,ENE,0,False
7,Dansby Swanson,SS,R,Chicago Cubs,home,9,Wrigley Field,San Diego Padres,,,1,False,11.973,4.7,13.43,12.83,8.44,,,,,,,0.302,0.313,0.252,7.9,4.5,2.8,31.6,26.9,21.1,82.4,81.7,80.8,14.6,64.6,101.8,86.7,,,,,True,,,,,,,1.05,1.03,1.02,81.4,11.1,S,0,False
8,Freddie Freeman,1B,L,Los Angeles Dodgers,away,3,Sutter Health Park,Athletics,Gage Jump,L,1,False,11.925,2.03,14.0,10.67,10.04,,,,,,,0.472,0.434,0.385,2.4,2.5,4.1,31.7,27.2,22.4,82.9,82.1,81.4,14.9,64.5,102.4,85.2,2.04,1.96,0.96,0.257,True,,,,,,,1.0,1.0,1.0,61.0,2.3,NNW,0,False
9,Mookie Betts,SS,R,Los Angeles Dodgers,away,4,Sutter Health Park,Athletics,Gage Jump,L,1,False,11.732,2.05,13.5,10.92,8.92,,,,,,,0.395,0.372,0.361,7.3,4.2,4.9,29.3,25.4,24.5,85.0,84.0,83.7,13.7,65.8,100.9,86.6,2.04,1.96,0.96,0.257,False,,,,,,,1.0,1.0,1.0,61.0,2.3,NNW,0,False
10,Esmerlyn Valdez,RF,R,Pittsburgh Pirates,away,6,Citizens Bank Park,Philadelphia Phillies,Aaron Nola,R,1,False,11.692,4.77,14.8,10.25,8.2,,,,,,,0.529,0.447,0.437,21.1,17.2,17.6,47.4,37.9,35.3,90.3,85.2,84.5,17.7,61.3,105.8,85.3,5.58,4.82,1.45,0.232,True,,,,,,,1.08,1.06,1.03,76.7,2.9,ENE,0,False
11,Kazuma Okamoto,3B,R,Toronto Blue Jays,home,4,Rogers Centre,New York Mets,Sean Manaea,L,1,False,11.614,4.61,12.29,10.42,9.77,,,,,,,0.34,0.348,0.329,4.9,6.5,6.6,19.5,24.2,24.0,80.5,81.5,82.7,15.4,62.3,101.8,87.3,4.87,3.42,1.41,0.234,False,,,,,,,1.05,1.03,1.02,77.9,7.0,ESE,0,True
12,Pete Alonso,1B,R,Baltimore Orioles,home,4,Oriole Park at Camden Yards,Chicago White Sox,Sean Burke,R,1,False,11.479,3.52,11.33,10.42,11.07,,,,,,,0.452,0.405,0.421,10.3,7.3,6.4,20.7,18.2,29.8,86.1,83.6,85.3,14.7,67.7,104.7,88.2,3.71,3.78,1.21,0.239,True,batter,0.375,vs RHP,0.305,vs RHB,0.07,1.1,1.05,1.03,77,4.8,E,10,False
13,Hunter Goodman,C,R,Colorado Rockies,home,3,Coors Field,Miami Marlins,Sandy Alcantara,R,1,False,11.433,3.56,12.83,8.67,11.31,,,,,,,0.425,0.357,0.388,19.2,16.7,14.2,42.3,33.3,31.9,90.9,87.8,86.4,15.1,67.0,106.4,91.2,4.01,3.78,1.24,0.176,True,,,,,,,1.2,1.25,1.12,64.3,4.5,ESE,0,False
14,Bryce Harper,1B,L,Philadelphia Phillies,home,3,Citizens Bank Park,Pittsburgh Pirates,Braxton Ashcraft,R,1,False,11.366,3.23,10.29,11.77,10.52,,,,,,,0.391,0.424,0.409,4.9,5.3,4.4,26.8,28.9,31.4,83.3,84.4,84.4,16.0,69.2,104.0,85.8,3.07,2.64,1.09,0.273,False,batter,0.425,vs RHP,0.297,vs LHB,0.128,1.08,1.06,1.03,76.7,2.9,ENE,0,False
15,Ketel Marte,2B,S,Arizona Diamondbacks,home,1,Chase Field,San Francisco Giants,Tyler Mahle,R,1,False,11.191,5.03,11.17,10.5,8.46,,,,,,,0.421,0.387,0.364,15.2,10.6,7.5,39.4,45.5,41.8,88.2,90.2,88.2,16.0,67.0,107.8,86.4,5.49,4.69,1.46,0.228,False,,,,,,,1.05,1.03,1.02,79.7,1.1,SSE,0,True
16,Caleb Durbin,3B,R,Boston Red Sox,home,6,Fenway Park,Washington Nationals,Miles Mikolas,R,1,False,11.027,5.42,10.57,11.67,9.68,,,,,,,0.246,0.283,0.311,0.0,1.5,3.1,21.1,23.1,25.2,79.1,79.8,80.9,16.7,58.2,100.1,83.7,5.24,5.32,1.29,0.135,True,,,,,,,0.95,1.05,1.1,75.5,6.8,ENE,0,False
17,Manny Machado,3B,R,San Diego Padres,away,4,Wrigley Field,Chicago Cubs,Shota Imanaga,L,1,False,10.994,3.94,11.67,10.42,8.5,,,,,,,0.47,0.386,0.335,14.3,9.8,8.1,28.6,31.1,27.7,86.0,86.1,85.2,13.2,69.2,103.8,87.9,4.4,4.76,1.05,0.238,False,,,,,,,1.05,1.03,1.02,81.4,11.1,S,0,False
18,TJ Rumfield,1B,L,Colorado Rockies,home,4,Coors Field,Miami Marlins,Sandy Alcantara,R,1,False,10.991,4.16,10.17,10.67,10.2,,,,,,,0.292,0.284,0.276,3.3,3.4,1.6,10.0,11.9,16.7,77.4,77.0,78.8,16.8,59.2,97.9,82.1,4.01,3.78,1.24,0.176,False,,,,,,,1.2,1.25,1.12,64.3,4.5,ESE,0,False
19,Kyle Schwarber,DH,L,Philadelphia Phillies,home,2,Citizens Bank Park,Pittsburgh Pirates,Braxton Ashcraft,R,1,False,10.896,3.53,8.0,13.08,10.27,,,,,,,0.414,0.459,0.391,4.2,8.8,5.3,45.8,43.9,35.3,90.7,87.6,86.4,16.5,67.7,106.3,88.8,3.07,2.64,1.09,0.273,False,batter,0.382,vs RHP,0.297,vs LHB,0.085,1.08,1.06,1.03,76.7,2.9,ENE,0,False
20,Corey Seager,SS,L,Texas Rangers,away,3,Progressive Field,Cleveland Guardians,Parker Messick,L,1,False,10.833,2.08,11.0,11.0,9.88,,,,,,,0.341,0.341,0.363,5.6,5.6,6.7,16.7,16.7,22.2,81.7,81.7,82.2,17.3,66.8,104.7,86.6,2.67,3.12,1.05,0.272,True,,,,,,,1.0,1.0,1.0,79.2,3.3,SSE,0,False
21,Bryan Reynolds,LF,S,Pittsburgh Pirates,away,3,Citizens Bank Park,Philadelphia Phillies,Aaron Nola,R,1,False,10.827,5.75,8.17,11.83,10.54,,,,,,,0.378,0.404,0.396,3.1,6.5,7.5,25.0,37.1,33.6,83.0,86.5,86.5,13.9,70.0,104.1,88.9,5.58,4.82,1.45,0.232,False,,,,,,,1.08,1.06,1.03,76.7,2.9,ENE,0,False
22,Joc Pederson,DH,L,Texas Rangers,away,1,Progressive Field,Cleveland Guardians,Parker Messick,L,1,False,10.767,2.31,13.17,9.33,7.88,,,,,,,0.46,0.381,0.366,10.3,8.6,7.9,38.5,31.4,31.7,86.5,86.0,85.6,14.5,66.8,104.4,86.0,2.67,3.12,1.05,0.272,True,,,,,,,1.0,1.0,1.0,79.2,3.3,SSE,0,False
23,Isaac Paredes,3B,R,Houston Astros,home,3,Daikin Park,Minnesota Twins,Zebby Matthews,R,1,False,10.766,4.44,10.14,10.54,10.23,,,,,,,0.243,0.299,0.341,2.1,2.4,4.4,19.1,19.0,24.4,83.1,83.1,83.4,13.1,69.2,99.6,85.2,4.56,4.83,1.2,0.191,True,,,,,,,1.0,1.0,1.0,72.0,5.0,N,0,False
24,Sam Antonacci,LF,L,Chicago White Sox,away,1,Oriole Park at Camden Yards,Baltimore Orioles,Shane Baz,R,1,False,10.734,4.16,10.0,10.17,9.38,,,,,,,0.32,0.389,0.366,0.0,2.8,3.6,23.8,25.0,22.6,83.0,83.0,82.7,15.4,67.0,101.3,83.2,4.31,3.74,1.38,0.199,False,batter,0.385,vs RHP,0.346,vs LHB,0.039,1.1,1.05,1.03,77,4.8,E,10,False
25,Brooks Lee,SS,S,Minnesota Twins,away,5,Daikin Park,Houston Astros,Peter Lambert,R,1,False,10.72,3.17,11.0,10.67,9.07,,,,,,,0.302,0.29,0.301,0.0,1.5,2.8,27.3,20.9,26.1,86.1,83.6,85.1,14.4,67.8,101.6,86.0,3.28,3.79,1.17,0.225,False,,,,,,,1.0,1.0,1.0,72.0,5.0,N,0,False
26,Jeremy Peña,SS,R,Houston Astros,home,1,Daikin Park,Minnesota Twins,Zebby Matthews,R,1,False,10.631,4.49,9.43,10.62,10.11,,,,,,,0.334,0.308,0.336,0.0,1.6,2.1,18.8,32.8,28.5,83.8,85.1,83.7,14.7,66.2,103.6,89.6,4.56,4.83,1.2,0.191,True,,,,,,,1.0,1.0,1.0,72.0,5.0,N,0,False
27,Chase DeLauter,RF,L,Cleveland Guardians,home,3,Progressive Field,Texas Rangers,Tyler Alexander,L,1,False,10.569,1.87,12.0,12.0,5.15,,,,,,,0.202,0.202,0.287,0.0,0.0,2.8,60.0,60.0,26.4,94.2,94.2,83.7,15.5,63.2,103.6,86.6,2.62,3.16,1.31,0.185,True,,,,,,,1.0,1.0,1.0,79.2,3.3,SSE,0,False
28,Rafael Devers,1B,L,San Francisco Giants,away,4,Chase Field,Arizona Diamondbacks,Eduardo Rodriguez,L,1,False,10.421,2.33,10.33,10.82,9.38,,,,,,,0.288,0.376,0.318,7.0,7.8,4.8,27.9,32.8,29.3,82.0,83.4,83.8,15.2,65.5,103.1,86.5,2.27,4.06,1.21,0.18,True,,,,,,,1.05,1.03,1.02,79.7,1.1,SSE,0,True
29,Otto Lopez,SS,R,Miami Marlins,away,2,Coors Field,Colorado Rockies,,,1,False,10.384,3.94,10.83,9.17,9.77,,,,,,,0.319,0.325,0.338,3.1,3.1,3.6,15.6,25.0,30.0,80.1,82.7,82.6,16.6,63.1,102.9,88.2,,,,,True,,,,,,,1.2,1.25,1.12,64.3,4.5,ESE,0,False
30,Brandon Lowe,2B,L,Pittsburgh Pirates,away,2,Citizens Bank Park,Philadelphia Phillies,Aaron Nola,R,1,False,10.341,5.11,10.0,9.5,8.73,,,,,,,0.337,0.32,0.285,11.8,8.5,5.1,26.5,32.4,26.9,85.9,86.1,85.3,13.9,69.5,104.5,87.6,5.58,4.82,1.45,0.232,False,,,,,,,1.08,1.06,1.03,76.7,2.9,ENE,0,False
31,Fernando Tatis Jr.,RF,R,San Diego Padres,away,1,Wrigley Field,Chicago Cubs,Shota Imanaga,L,1,False,10.312,3.93,9.67,9.33,9.5,,,,,,,0.475,0.413,0.386,9.7,8.5,9.3,41.9,42.4,42.6,91.0,90.8,90.2,15.7,72.9,109.4,92.7,4.4,4.76,1.05,0.238,False,,,,,,,1.05,1.03,1.02,81.4,11.1,S,0,False
32,Trevor Larnach,LF,L,Minnesota Twins,away,1,Daikin Park,Houston Astros,Peter Lambert,R,1,False,10.25,3.56,8.0,12.5,7.83,,,,,,,0.342,0.435,0.356,4.3,7.4,4.9,34.8,33.3,28.2,83.3,81.7,82.4,16.2,64.2,101.8,86.8,3.28,3.79,1.17,0.225,False,,,,,,,1.0,1.0,1.0,72.0,5.0,N,0,False
33,Seiya Suzuki,RF,R,Chicago Cubs,home,4,Wrigley Field,San Diego Padres,,,1,False,10.113,4.1,9.33,10.73,9.5,,,,,,,0.301,0.346,0.368,2.9,1.5,5.2,23.5,25.8,22.4,85.0,84.6,83.7,13.7,68.2,101.0,84.2,,,,,True,,,,,,,1.05,1.03,1.02,81.4,11.1,S,0,False
34,Bo Bichette,SS,R,New York Mets,away,3,Rogers Centre,Toronto Blue Jays,Trey Yesavage,R,1,False,10.109,3.22,10.57,9.23,9.48,,,,,,,0.358,0.351,0.338,4.9,2.8,3.7,24.4,20.8,25.3,81.7,80.8,81.6,17.0,63.1,103.6,86.9,3.56,3.75,1.17,0.233,True,,,,,,,1.05,1.03,1.02,77.9,7.0,ESE,0,True
35,Sal Stewart,1B,R,Cincinnati Reds,away,2,American Family Field,Milwaukee Brewers,Robert Gasser,L,1,False,10.036,4.51,8.83,10.83,8.0,,,,,,,0.275,0.341,0.325,10.0,10.7,8.4,30.0,30.4,26.9,87.5,87.6,85.3,14.8,69.3,103.6,88.5,4.5,4.83,1.27,0.238,False,,,,,,,1.06,1.03,1.02,79.6,12.3,S,0,True
36,Kevin McGonigle,SS,L,Detroit Tigers,away,1,Yankee Stadium,New York Yankees,Ryan Weathers,L,1,False,9.991,3.48,9.29,10.08,9.4,,,,,,,0.408,0.407,0.385,2.4,2.7,2.7,23.8,26.7,23.5,83.3,83.7,83.3,12.8,66.7,100.2,84.4,3.95,4.14,1.14,0.269,True,,,,,,,1.12,1.05,1.01,78.0,3.3,NNE,0,False
37,Jackson Chourio,LF,R,Milwaukee Brewers,home,2,American Family Field,Cincinnati Reds,Nick Lodolo,L,1,False,9.977,4.38,8.17,7.83,12.12,,,,,,,0.259,0.265,0.354,9.4,4.6,5.8,25.0,24.6,27.6,86.5,85.8,85.6,13.9,70.0,104.0,89.0,5.59,4.87,1.52,0.18,False,,,,,,,1.06,1.03,1.02,79.6,12.3,S,0,True
38,Juan Soto,LF,L,New York Mets,away,2,Rogers Centre,Toronto Blue Jays,Trey Yesavage,R,1,False,9.944,3.01,8.2,10.27,9.76,,,,,,,0.492,0.446,0.449,7.7,3.4,4.8,30.8,31.0,34.4,85.3,86.3,85.8,16.7,66.8,104.8,88.2,3.56,3.75,1.17,0.233,False,,,,,,,1.05,1.03,1.02,77.9,7.0,ESE,0,True
39,Shohei Ohtani,TWP,L,Los Angeles Dodgers,away,1,Sutter Health Park,Athletics,Gage Jump,L,1,False,9.873,1.89,9.5,8.45,11.54,,,,,,,0.367,0.363,0.43,6.1,7.7,8.9,33.3,30.8,33.1,89.3,87.7,86.2,15.9,66.7,107.2,90.1,2.04,1.96,0.96,0.257,True,,,,,,,1.0,1.0,1.0,61.0,2.3,NNW,0,False
40,Wilyer Abreu,RF,L,Boston Red Sox,home,3,Fenway Park,Washington Nationals,Miles Mikolas,R,1,False,9.845,3.75,9.0,8.83,8.84,,,,,,,0.365,0.332,0.334,6.5,4.8,6.0,15.2,18.1,24.6,81.9,82.1,82.7,13.7,66.1,100.7,82.0,5.24,5.32,1.29,0.135,False,,,,,,,0.95,1.05,1.1,75.5,6.8,ENE,0,False
41,Cole Carrigg,CF,S,Colorado Rockies,home,5,Coors Field,Miami Marlins,Sandy Alcantara,R,1,False,9.824,3.78,9.0,9.45,9.71,,,,,,,0.33,0.384,0.362,0.0,1.8,2.9,23.1,19.3,19.0,79.2,80.3,81.3,15.0,65.4,101.2,81.9,4.01,3.78,1.24,0.176,False,,,,,,,1.2,1.25,1.12,64.3,4.5,ESE,0,False
42,Josh Lowe,LF,L,Los Angeles Angels,away,8,T-Mobile Park,Seattle Mariners,George Kirby,R,1,False,9.816,2.04,9.5,9.5,9.5,,,,,,,0.354,0.354,0.354,6.2,6.2,6.2,31.2,31.2,31.2,87.7,87.7,87.7,12.9,73.8,104.8,84.5,3.94,3.29,1.34,0.209,False,,,,,,,0.9,0.93,0.95,56.0,5.3,SSW,0,True
43,Kody Clemens,1B,L,Minnesota Twins,away,3,Daikin Park,Houston Astros,Peter Lambert,R,1,False,9.703,2.7,9.2,8.73,9.6,,,,,,,0.427,0.37,0.375,7.1,6.5,7.5,42.9,38.7,37.6,87.6,86.6,87.2,13.6,68.9,103.0,88.8,3.28,3.79,1.17,0.225,False,,,,,,,1.0,1.0,1.0,72.0,5.0,N,0,False
44,Nolan Schanuel,1B,L,Los Angeles Angels,away,3,T-Mobile Park,Seattle Mariners,George Kirby,R,1,False,9.527,3.31,9.17,9.36,7.67,,,,,,,0.396,0.327,0.355,0.0,0.0,0.0,25.0,23.4,20.7,80.0,82.9,82.1,12.8,66.6,100.0,82.4,3.94,3.29,1.34,0.209,False,,,,,,,0.9,0.93,0.95,56.0,5.3,SSW,0,True
45,Kyle Teel,C,L,Chicago White Sox,away,3,Oriole Park at Camden Yards,Baltimore Orioles,Shane Baz,R,1,False,9.523,3.76,8.8,8.8,8.8,,,,,,,0.344,0.344,0.344,4.5,4.5,4.5,31.8,31.8,31.8,85.3,85.3,85.3,11.8,72.0,99.0,82.4,4.31,3.74,1.38,0.199,False,,,,,,,1.1,1.05,1.03,77,4.8,E,10,False
46,Jake Burger,1B,R,Texas Rangers,away,5,Progressive Field,Cleveland Guardians,Parker Messick,L,1,False,9.503,2.3,10.0,9.08,8.65,,,,,,,0.388,0.344,0.335,5.0,4.8,5.0,22.5,24.2,28.1,80.3,81.6,82.4,17.2,61.7,104.3,88.6,2.67,3.12,1.05,0.272,False,,,,,,,1.0,1.0,1.0,79.2,3.3,SSE,0,False
47,Andy Pages,CF,R,Los Angeles Dodgers,away,2,Sutter Health Park,Athletics,Gage Jump,L,1,False,9.402,1.96,10.33,8.25,7.81,,,,,,,0.371,0.348,0.319,3.0,1.4,3.8,15.2,16.2,24.4,82.1,80.9,82.2,14.2,66.8,100.9,84.9,2.04,1.96,0.96,0.257,False,,,,,,,1.0,1.0,1.0,61.0,2.3,NNW,0,False
48,Daulton Varsho,CF,L,Toronto Blue Jays,home,5,Rogers Centre,New York Mets,Sean Manaea,L,1,False,9.375,4.83,9.67,10.86,6.19,,,,,,,0.287,0.312,0.277,5.6,7.3,4.5,25.0,24.4,22.4,81.3,81.5,80.1,15.3,66.0,102.7,86.7,4.87,3.42,1.41,0.234,True,,,,,,,1.05,1.03,1.02,77.9,7.0,ESE,0,True
49,Jung Hoo Lee,RF,L,San Francisco Giants,away,7,Chase Field,Arizona Diamondbacks,Eduardo Rodriguez,L,1,False,9.372,2.21,9.0,9.45,10.23,,,,,,,0.236,0.26,0.337,2.9,3.3,2.6,17.1,19.7,19.7,79.2,82.5,82.2,14.7,65.5,99.4,86.2,2.27,4.06,1.21,0.18,True,,,,,,,1.05,1.03,1.02,79.7,1.1,SSE,0,True
50,Graham Pauley,3B,L,Miami Marlins,away,8,Coors Field,Colorado Rockies,,,1,False,9.3,2.38,9.0,9.0,9.0,,,,,,,0.496,0.496,0.496,10.0,10.0,10.0,40.0,40.0,40.0,79.7,79.7,79.7,20.2,61.5,97.3,78.2,,,,,False,,,,,,,1.2,1.25,1.12,64.3,4.5,ESE,0,False
51,Yordan Alvarez,DH,L,Houston Astros,home,2,Daikin Park,Minnesota Twins,Zebby Matthews,R,1,False,9.268,3.41,7.33,8.17,10.65,,,,,,,0.354,0.388,0.428,3.3,9.2,7.5,16.7,29.2,27.5,80.7,83.7,84.0,14.8,67.5,104.3,85.1,4.56,4.83,1.2,0.191,False,,,,,,,1.0,1.0,1.0,72.0,5.0,N,0,False
52,Byron Buxton,CF,R,Minnesota Twins,away,2,Daikin Park,Houston Astros,Peter Lambert,R,1,False,9.225,2.88,7.5,9.17,10.79,,,,,,,0.339,0.36,0.389,11.8,9.9,9.6,26.5,28.2,29.6,86.5,84.4,84.7,15.9,67.9,105.6,90.7,3.28,3.79,1.17,0.225,True,,,,,,,1.0,1.0,1.0,72.0,5.0,N,0,False
53,Brandon Nimmo,RF,L,Texas Rangers,away,4,Progressive Field,Cleveland Guardians,Parker Messick,L,1,False,9.186,2.24,10.86,8.69,7.15,,,,,,,0.496,0.447,0.367,14.0,13.5,7.3,27.9,32.4,33.8,86.2,86.9,86.6,14.6,68.7,104.5,90.5,2.67,3.12,1.05,0.272,True,,,,,,,1.0,1.0,1.0,79.2,3.3,SSE,0,False
54,Bryson Stott,2B,L,Philadelphia Phillies,home,7,Citizens Bank Park,Pittsburgh Pirates,Braxton Ashcraft,R,1,False,9.163,2.89,9.43,9.62,8.7,,,,,,,0.364,0.34,0.339,5.4,4.2,3.8,13.5,16.9,19.1,82.7,82.9,82.3,12.7,70.1,100.7,84.5,3.07,2.64,1.09,0.273,False,pitcher,0.284,vs RHP,0.297,vs LHB,-0.013,1.08,1.06,1.03,76.7,2.9,ENE,0,False
55,Kyle Stowers,LF,L,Miami Marlins,away,3,Coors Field,Colorado Rockies,,,1,False,9.144,4.04,6.67,10.36,8.8,,,,,,,0.255,0.392,0.343,3.4,10.4,7.4,31.0,31.2,30.6,82.8,81.9,82.1,18.9,64.0,106.3,85.4,,,,,False,,,,,,,1.2,1.25,1.12,64.3,4.5,ESE,0,False
56,Julio Rodríguez,CF,R,Seattle Mariners,home,2,T-Mobile Park,Los Angeles Angels,Ryan Johnson,R,1,False,9.12,5.81,8.0,8.36,8.0,,,,,,,0.422,0.404,0.38,3.4,6.7,6.0,34.5,28.9,33.1,86.1,84.1,84.5,16.7,64.0,104.3,88.0,8.84,6.35,1.71,0.165,True,,,,,,,0.9,0.93,0.95,56.0,5.3,SSW,0,True
57,Willson Contreras,1B,R,Boston Red Sox,home,4,Fenway Park,Washington Nationals,Miles Mikolas,R,1,False,9.083,3.87,9.43,6.92,9.38,,,,,,,0.417,0.31,0.329,7.7,4.6,5.6,38.5,35.4,34.1,82.7,81.9,83.0,19.1,56.5,104.0,84.8,5.24,5.32,1.29,0.135,True,,,,,,,0.95,1.05,1.1,75.5,6.8,ENE,0,False
58,Samad Taylor,LF,R,San Diego Padres,away,2,Wrigley Field,Chicago Cubs,Shota Imanaga,L,1,False,9.044,3.88,7.67,8.45,9.26,,,,,,,0.327,0.301,0.321,0.0,0.0,1.3,13.0,14.9,16.7,73.2,75.4,74.8,20.6,41.5,97.7,73.7,4.4,4.76,1.05,0.238,False,,,,,,,1.05,1.03,1.02,81.4,11.1,S,0,False
59,Kahlil Watson,RF,L,Cleveland Guardians,home,5,Progressive Field,Texas Rangers,Tyler Alexander,L,1,False,9.024,2.11,11.83,7.1,7.1,,,,,,,0.472,0.315,0.315,12.5,9.7,9.7,45.8,38.7,38.7,89.2,85.4,85.4,20.3,61.3,103.5,90.9,2.62,3.16,1.31,0.185,True,,,,,,,1.0,1.0,1.0,79.2,3.3,SSE,0,False
60,Henry Bolte,CF,R,Athletics,home,1,Sutter Health Park,Los Angeles Dodgers,Eric Lauer,L,1,False,8.984,4.08,7.5,8.85,7.48,,,,,,,0.323,0.345,0.322,7.4,7.7,6.5,22.2,25.0,29.3,81.1,83.3,84.9,16.8,62.5,106.5,90.9,4.87,6.15,1.24,0.155,False,,,,,,,1.0,1.0,1.0,61.0,2.3,NNW,0,False
61,Jo Adell,RF,R,Los Angeles Angels,away,4,T-Mobile Park,Seattle Mariners,George Kirby,R,1,False,8.885,2.72,9.6,7.42,8.73,,,,,,,0.295,0.246,0.301,4.0,3.9,4.1,28.0,25.0,23.8,81.0,81.3,82.4,16.0,64.8,102.2,85.0,3.94,3.29,1.34,0.209,True,,,,,,,0.9,0.93,0.95,56.0,5.3,SSW,0,True
62,Luis Arraez,2B,L,San Francisco Giants,away,2,Chase Field,Arizona Diamondbacks,Eduardo Rodriguez,L,1,False,8.772,2.27,6.75,10.22,8.75,,,,,,,0.285,0.322,0.278,0.0,0.0,0.5,7.7,8.3,12.6,77.8,79.7,81.0,12.3,65.5,96.3,84.3,2.27,4.06,1.21,0.18,True,,,,,,,1.05,1.03,1.02,79.7,1.1,SSE,0,True
63,Willi Castro,2B,S,Colorado Rockies,home,1,Coors Field,Miami Marlins,Sandy Alcantara,R,1,False,8.757,3.19,7.5,7.08,9.56,,,,,,,0.32,0.329,0.352,5.9,4.5,3.3,20.6,22.7,22.0,80.8,82.0,80.6,17.5,61.9,104.7,80.9,4.01,3.78,1.24,0.176,False,,,,,,,1.2,1.25,1.12,64.3,4.5,ESE,0,False
64,Dylan Crews,RF,R,Washington Nationals,away,5,Fenway Park,Boston Red Sox,Ranger Suarez,L,1,False,8.691,2.55,8.86,8.62,7.62,,,,,,,0.288,0.314,0.343,3.3,6.8,6.7,36.7,30.5,30.3,85.0,83.3,83.6,17.0,68.3,104.2,88.6,2.83,2.6,1.14,0.249,False,,,,,,,0.95,1.05,1.1,75.5,6.8,ENE,0,False
65,Tristan Peters,CF,L,Chicago White Sox,away,8,Oriole Park at Camden Yards,Baltimore Orioles,Shane Baz,R,1,False,8.651,3.48,9.8,7.45,7.58,,,,,,,0.303,0.299,0.318,3.6,2.1,2.5,39.3,29.2,23.8,88.1,84.9,81.2,15.4,61.8,99.3,81.2,4.31,3.74,1.38,0.199,False,batter,0.36,vs RHP,0.346,vs LHB,0.014,1.1,1.05,1.03,77,4.8,E,10,False
66,Carson Benge,RF,L,New York Mets,away,1,Rogers Centre,Toronto Blue Jays,Trey Yesavage,R,1,False,8.643,2.91,6.57,8.38,9.41,,,,,,,0.29,0.315,0.363,0.0,2.6,4.5,15.6,22.1,24.0,80.7,83.4,84.0,13.2,67.3,101.5,84.8,3.56,3.75,1.17,0.233,False,,,,,,,1.05,1.03,1.02,77.9,7.0,ESE,0,True
67,Anthony Seigler,2B,S,Boston Red Sox,home,7,Fenway Park,Washington Nationals,Miles Mikolas,R,1,False,8.59,4.16,9.0,7.56,7.0,,,,,,,0.341,0.293,0.319,0.0,0.0,0.0,30.3,29.3,28.9,84.7,85.3,85.2,12.0,69.1,99.6,85.4,5.24,5.32,1.29,0.135,False,,,,,,,0.95,1.05,1.1,75.5,6.8,ENE,0,False
68,Heliot Ramos,LF,R,San Francisco Giants,away,3,Chase Field,Arizona Diamondbacks,Eduardo Rodriguez,L,1,False,8.557,1.81,8.0,8.0,8.0,,,,,,,0.379,0.379,0.379,0.0,0.0,0.0,50.0,50.0,50.0,89.0,89.0,89.0,9.2,78.0,96.7,89.6,2.27,4.06,1.21,0.18,False,,,,,,,1.05,1.03,1.02,79.7,1.1,SSE,0,True
69,Victor Bericoto,RF,R,San Francisco Giants,away,6,Chase Field,Arizona Diamondbacks,Eduardo Rodriguez,L,1,False,8.482,1.97,10.5,8.4,4.54,,,,,,,0.392,0.372,0.301,9.5,9.1,8.3,19.0,18.2,25.0,80.0,79.8,80.8,14.9,64.1,101.2,84.2,2.27,4.06,1.21,0.18,False,,,,,,,1.05,1.03,1.02,79.7,1.1,SSE,0,True
70,Trea Turner,SS,R,Philadelphia Phillies,home,1,Citizens Bank Park,Pittsburgh Pirates,Braxton Ashcraft,R,1,False,8.44,2.94,7.71,8.67,7.12,,,,,,,0.328,0.343,0.28,4.2,2.8,1.3,27.1,33.8,24.8,81.0,82.9,81.0,15.3,62.6,100.5,83.4,3.07,2.64,1.09,0.273,True,batter,0.275,vs RHP,0.24,vs RHB,0.035,1.08,1.06,1.03,76.7,2.9,ENE,0,False
71,Dillon Dingler,C,R,Detroit Tigers,away,4,Yankee Stadium,New York Yankees,Ryan Weathers,L,1,False,8.438,3.42,5.43,8.77,11.0,,,,,,,0.291,0.36,0.397,4.8,5.4,6.9,28.6,27.0,34.5,84.7,84.6,85.7,15.1,65.8,104.6,87.0,3.95,4.14,1.14,0.269,False,,,,,,,1.12,1.05,1.01,78.0,3.3,NNE,0,False
72,Geraldo Perdomo,SS,S,Arizona Diamondbacks,home,2,Chase Field,San Francisco Giants,Tyler Mahle,R,1,False,8.386,4.09,7.17,8.17,7.3,,,,,,,0.332,0.335,0.352,6.2,2.9,1.4,12.5,17.6,19.6,80.1,81.0,81.7,12.9,67.1,98.4,80.4,5.49,4.69,1.46,0.228,False,,,,,,,1.05,1.03,1.02,79.7,1.1,SSE,0,True
73,Ceddanne Rafaela,CF,R,Boston Red Sox,home,2,Fenway Park,Washington Nationals,Miles Mikolas,R,1,False,8.381,3.95,7.43,7.25,8.71,,,,,,,0.235,0.23,0.262,0.0,0.0,0.6,12.8,15.9,16.2,79.0,79.0,78.1,16.0,63.1,98.1,83.8,5.24,5.32,1.29,0.135,True,,,,,,,0.95,1.05,1.1,75.5,6.8,ENE,0,False
74,George Springer,DH,R,Toronto Blue Jays,home,1,Rogers Centre,New York Mets,Sean Manaea,L,1,False,8.366,4.4,5.33,9.45,8.27,,,,,,,0.23,0.32,0.309,0.0,3.1,3.0,24.3,25.0,21.1,80.3,83.1,82.1,13.5,67.7,100.4,84.2,4.87,3.42,1.41,0.234,False,,,,,,,1.05,1.03,1.02,77.9,7.0,ESE,0,True
75,Braden Montgomery,RF,S,Chicago White Sox,away,7,Oriole Park at Camden Yards,Baltimore Orioles,Shane Baz,R,1,False,8.354,3.07,9.67,6.5,7.35,,,,,,,0.36,0.277,0.309,2.8,1.7,3.7,30.6,23.7,28.4,80.9,81.2,82.6,17.0,61.7,103.7,85.1,4.31,3.74,1.38,0.199,False,,,,,,,1.1,1.05,1.03,77,4.8,E,10,False
76,Taylor Ward,LF,R,Baltimore Orioles,home,1,Oriole Park at Camden Yards,Chicago White Sox,Sean Burke,R,1,False,8.296,2.89,7.83,7.33,8.07,,,,,,,0.292,0.297,0.343,2.9,4.7,3.4,23.5,21.9,25.3,81.8,83.5,83.3,13.8,65.0,101.8,86.6,3.71,3.78,1.21,0.239,True,batter,0.317,vs RHP,0.305,vs RHB,0.012,1.1,1.05,1.03,77,4.8,E,10,False
77,Xavier Edwards,2B,S,Miami Marlins,away,4,Coors Field,Colorado Rockies,,,1,False,8.296,2.98,10.17,6.25,5.96,,,,,,,0.313,0.248,0.258,0.0,0.0,0.0,11.1,9.1,11.3,81.0,78.6,79.2,13.0,63.0,95.1,79.4,,,,,False,,,,,,,1.2,1.25,1.12,64.3,4.5,ESE,0,False
78,Eugenio Suárez,DH,R,Cincinnati Reds,away,4,American Family Field,Milwaukee Brewers,Robert Gasser,L,1,False,8.267,3.45,8.17,8.0,6.54,,,,,,,0.267,0.208,0.223,0.0,2.3,3.1,25.0,20.5,22.7,83.3,83.3,84.0,12.1,69.8,100.3,85.6,4.5,4.83,1.27,0.238,False,,,,,,,1.06,1.03,1.02,79.6,12.3,S,0,True
79,Jonah Heim,C,S,Athletics,home,4,Sutter Health Park,Los Angeles Dodgers,Eric Lauer,L,1,False,8.257,3.37,7.4,7.0,8.32,,,,,,,0.321,0.27,0.337,3.7,3.9,6.0,14.8,13.7,20.2,80.7,80.1,83.4,13.8,63.9,103.5,86.7,4.87,6.15,1.24,0.155,False,,,,,,,1.0,1.0,1.0,61.0,2.3,NNW,0,False
80,Travis Bazzana,2B,L,Cleveland Guardians,home,2,Progressive Field,Texas Rangers,Tyler Alexander,L,1,False,8.24,2.47,5.33,10.33,8.64,,,,,,,0.198,0.335,0.271,0.0,4.4,2.9,18.9,27.9,25.0,83.2,84.3,83.6,14.0,64.2,101.0,87.3,2.62,3.16,1.31,0.185,True,,,,,,,1.0,1.0,1.0,79.2,3.3,SSE,0,False
81,Josh Naylor,1B,L,Seattle Mariners,home,3,T-Mobile Park,Los Angeles Angels,Ryan Johnson,R,1,False,8.236,4.55,7.33,6.3,7.42,,,,,,,0.329,0.329,0.284,0.0,1.8,1.4,17.6,26.8,25.2,83.0,83.9,82.7,16.0,61.2,100.9,84.0,8.84,6.35,1.71,0.165,False,,,,,,,0.9,0.93,0.95,56.0,5.3,SSW,0,True
82,Tyler Stephenson,C,R,Cincinnati Reds,away,7,American Family Field,Milwaukee Brewers,Robert Gasser,L,1,False,8.174,3.76,8.75,8.25,5.89,,,,,,,0.578,0.444,0.363,5.9,6.5,5.4,52.9,48.4,32.4,88.3,88.6,86.2,13.9,68.9,103.2,89.4,4.5,4.83,1.27,0.238,False,,,,,,,1.06,1.03,1.02,79.6,12.3,S,0,True
83,Francisco Alvarez,C,R,New York Mets,away,5,Rogers Centre,Toronto Blue Jays,Trey Yesavage,R,1,False,8.163,2.62,9.43,7.46,7.0,,,,,,,0.363,0.377,0.333,11.5,9.3,8.3,26.9,31.5,29.2,83.4,85.1,83.9,16.0,67.3,105.1,91.8,3.56,3.75,1.17,0.233,True,,,,,,,1.05,1.03,1.02,77.9,7.0,ESE,0,True
84,Connor Wong,C,R,Boston Red Sox,home,8,Fenway Park,Washington Nationals,Miles Mikolas,R,1,False,8.146,3.87,8.6,7.0,7.85,,,,,,,0.475,0.446,0.431,11.8,7.7,6.4,35.3,34.6,29.8,85.3,84.7,81.0,18.6,60.0,104.8,86.1,5.24,5.32,1.29,0.135,True,,,,,,,0.95,1.05,1.1,75.5,6.8,ENE,0,False
85,Jake Bauers,1B,L,Milwaukee Brewers,home,5,American Family Field,Cincinnati Reds,Nick Lodolo,L,1,False,8.117,3.43,8.0,6.08,9.8,,,,,,,0.308,0.302,0.364,4.5,2.5,6.8,27.3,27.5,33.0,83.2,85.1,85.0,16.1,68.1,106.5,86.9,5.59,4.87,1.52,0.18,True,,,,,,,1.06,1.03,1.02,79.6,12.3,S,0,True
86,J.T. Realmuto,C,R,Philadelphia Phillies,home,6,Citizens Bank Park,Pittsburgh Pirates,Braxton Ashcraft,R,1,False,8.109,2.64,8.2,8.2,7.48,,,,,,,0.302,0.312,0.331,4.5,3.6,5.1,36.4,25.5,23.2,87.8,84.9,85.4,13.1,68.5,102.3,84.2,3.07,2.64,1.09,0.273,True,batter,0.287,vs RHP,0.24,vs RHB,0.047,1.08,1.06,1.03,76.7,2.9,ENE,0,False
87,Willy Adames,SS,R,San Francisco Giants,away,5,Chase Field,Arizona Diamondbacks,Eduardo Rodriguez,L,1,False,8.023,1.9,8.0,7.36,7.76,,,,,,,0.238,0.254,0.295,4.5,6.4,6.2,18.2,17.0,23.2,83.2,82.1,83.4,14.0,61.7,100.6,88.3,2.27,4.06,1.21,0.18,False,,,,,,,1.05,1.03,1.02,79.7,1.1,SSE,0,True
88,Nick Gonzales,3B,R,Pittsburgh Pirates,away,4,Citizens Bank Park,Philadelphia Phillies,Aaron Nola,R,1,False,8.017,4.14,7.33,7.33,8.54,,,,,,,0.279,0.286,0.32,0.0,1.6,2.8,19.4,19.0,22.0,82.2,82.8,81.5,15.6,63.1,101.3,85.6,5.58,4.82,1.45,0.232,True,,,,,,,1.08,1.06,1.03,76.7,2.9,ENE,0,False
89,Jacob Gonzalez,1B,L,Chicago White Sox,away,9,Oriole Park at Camden Yards,Baltimore Orioles,Shane Baz,R,1,False,8.008,2.92,10.4,5.9,5.64,,,,,,,0.344,0.285,0.295,0.0,0.0,0.9,21.2,25.0,24.1,83.9,84.1,81.2,17.0,63.1,102.3,82.3,4.31,3.74,1.38,0.199,False,,,,,,,1.1,1.05,1.03,77,4.8,E,10,False
90,Corbin Carroll,RF,L,Arizona Diamondbacks,home,3,Chase Field,San Francisco Giants,Tyler Mahle,R,1,False,7.97,4.31,5.33,8.33,8.56,,,,,,,0.259,0.282,0.321,4.9,4.1,6.3,12.2,21.6,28.7,80.0,83.1,85.8,14.4,71.3,105.0,87.5,5.49,4.69,1.46,0.228,False,,,,,,,1.05,1.03,1.02,79.7,1.1,SSE,0,True
91,Tyrone Taylor,CF,R,New York Mets,away,7,Rogers Centre,Toronto Blue Jays,Trey Yesavage,R,1,False,7.93,1.79,8.0,8.0,8.0,,,,,,,0.569,0.569,0.569,0.0,0.0,0.0,0.0,0.0,0.0,86.2,86.2,86.2,8.0,78.4,93.2,,3.56,3.75,1.17,0.233,True,,,,,,,1.05,1.03,1.02,77.9,7.0,ESE,0,True
92,Curtis Mead,3B,R,Washington Nationals,away,3,Fenway Park,Boston Red Sox,Ranger Suarez,L,1,False,7.899,2.17,7.86,7.23,7.0,,,,,,,0.31,0.328,0.332,8.6,6.7,5.1,28.6,25.0,22.6,80.3,80.2,80.8,16.1,62.4,100.4,85.4,2.83,2.6,1.14,0.249,False,,,,,,,0.95,1.05,1.1,75.5,6.8,ENE,0,False
93,Cal Raleigh,C,S,Seattle Mariners,home,5,T-Mobile Park,Los Angeles Angels,Ryan Johnson,R,1,False,7.894,4.57,7.5,6.5,6.5,,,,,,,0.321,0.325,0.325,3.3,3.3,3.3,36.7,26.2,26.2,88.5,85.9,85.9,12.4,71.8,103.7,90.6,8.84,6.35,1.71,0.165,False,,,,,,,0.9,0.93,0.95,56.0,5.3,SSW,0,True
94,Owen Caissie,RF,L,Miami Marlins,away,7,Coors Field,Colorado Rockies,,,1,False,7.881,3.79,7.0,8.91,6.65,,,,,,,0.441,0.366,0.332,23.1,13.9,10.3,53.8,30.6,24.4,89.2,81.0,81.7,17.5,63.0,103.8,85.7,,,,,False,,,,,,,1.2,1.25,1.12,64.3,4.5,ESE,0,False
95,Ian Happ,LF,S,Chicago Cubs,home,5,Wrigley Field,San Diego Padres,,,1,False,7.853,3.29,7.14,7.42,8.0,,,,,,,0.347,0.292,0.288,9.4,4.9,4.1,15.6,16.4,23.3,80.7,80.6,81.9,15.8,64.5,101.9,84.6,,,,,False,,,,,,,1.05,1.03,1.02,81.4,11.1,S,0,False
96,Brice Turang,2B,L,Milwaukee Brewers,home,3,American Family Field,Cincinnati Reds,Nick Lodolo,L,1,False,7.834,4.16,6.17,7.25,8.96,,,,,,,0.239,0.264,0.283,2.9,4.7,4.9,23.5,20.3,20.8,84.1,84.5,82.8,14.2,66.5,101.1,85.2,5.59,4.87,1.52,0.18,True,,,,,,,1.06,1.03,1.02,79.6,12.3,S,0,True
97,Nico Hoerner,2B,R,Chicago Cubs,home,6,Wrigley Field,San Diego Padres,,,1,False,7.829,3.17,9.14,7.58,6.08,,,,,,,0.284,0.277,0.306,0.0,0.0,0.0,16.7,15.4,20.0,80.0,80.2,81.2,14.4,62.2,98.7,85.2,,,,,True,,,,,,,1.05,1.03,1.02,81.4,11.1,S,0,False
98,Randy Arozarena,LF,R,Seattle Mariners,home,4,T-Mobile Park,Los Angeles Angels,Ryan Johnson,R,1,False,7.824,5.14,6.5,6.5,8.42,,,,,,,0.245,0.245,0.362,3.8,3.8,5.2,26.9,26.9,29.9,85.3,85.3,86.9,14.0,69.8,102.9,87.2,8.84,6.35,1.71,0.165,True,,,,,,,0.9,0.93,0.95,56.0,5.3,SSW,0,True
99,Denzer Guzman,3B,R,Los Angeles Angels,away,2,T-Mobile Park,Seattle Mariners,George Kirby,R,1,False,7.823,3.16,5.2,9.17,8.47,,,,,,,0.281,0.347,0.324,3.2,6.7,4.9,25.8,25.3,25.2,81.1,80.1,80.4,15.7,62.5,101.0,86.0,3.94,3.29,1.34,0.209,True,,,,,,,0.9,0.93,0.95,56.0,5.3,SSW,0,True
100,Shea Langeliers,C,R,Athletics,home,3,Sutter Health Park,Los Angeles Dodgers,Eric Lauer,L,1,False,7.805,3.31,6.17,6.58,8.67,,,,,,,0.274,0.291,0.321,3.3,4.7,8.0,30.0,28.1,27.5,83.3,83.8,85.0,15.1,69.2,103.5,88.9,4.87,6.15,1.24,0.155,False,,,,,,,1.0,1.0,1.0,61.0,2.3,NNW,0,False
101,Nate Eaton,OF,R,Boston Red Sox,home,1,Fenway Park,Washington Nationals,Miles Mikolas,R,1,False,7.795,3.82,7.6,6.89,6.2,,,,,,,0.377,0.364,0.364,5.9,8.0,7.1,29.4,28.0,32.1,86.2,86.6,87.8,13.6,71.1,103.2,90.2,5.24,5.32,1.29,0.135,True,,,,,,,0.95,1.05,1.1,75.5,6.8,ENE,0,False
102,Christian Walker,1B,R,Houston Astros,home,4,Daikin Park,Minnesota Twins,Zebby Matthews,R,1,False,7.784,3.02,8.17,6.42,7.62,,,,,,,0.194,0.238,0.243,0.0,0.0,2.0,17.8,20.5,24.8,78.6,79.0,81.8,15.6,64.2,101.9,85.4,4.56,4.83,1.2,0.191,True,,,,,,,1.0,1.0,1.0,72.0,5.0,N,0,False
103,Michael Busch,1B,L,Chicago Cubs,home,3,Wrigley Field,San Diego Padres,,,1,False,7.733,2.48,7.14,6.42,7.92,,,,,,,0.319,0.335,0.343,2.6,3.2,3.8,15.8,19.4,21.8,81.5,82.0,82.3,13.7,64.8,100.1,83.8,,,,,False,,,,,,,1.05,1.03,1.02,81.4,11.1,S,0,False
104,Nathan Lukes,RF,L,Toronto Blue Jays,home,2,Rogers Centre,New York Mets,Sean Manaea,L,1,False,7.588,3.24,7.57,6.58,7.19,,,,,,,0.321,0.309,0.297,4.0,2.1,0.7,20.0,14.9,12.5,79.6,79.8,80.8,13.3,66.6,96.8,80.9,4.87,3.42,1.41,0.234,True,,,,,,,1.05,1.03,1.02,77.9,7.0,ESE,0,True
105,José Caballero,SS,R,New York Yankees,home,9,Yankee Stadium,Detroit Tigers,Casey Mize,R,1,False,7.502,2.54,7.0,8.17,8.04,,,,,,,0.245,0.28,0.274,3.2,2.0,1.8,19.4,11.8,12.4,80.9,80.2,78.7,14.3,60.7,96.9,79.9,2.95,2.72,1.07,0.251,True,,,,,,,1.12,1.05,1.01,78.0,3.3,NNE,0,False
106,Jazz Chisholm Jr.,2B,L,New York Yankees,home,1,Yankee Stadium,Detroit Tigers,Casey Mize,R,1,False,7.487,2.3,5.14,7.08,9.28,,,,,,,0.222,0.265,0.318,4.3,6.0,7.5,21.7,28.0,28.0,83.6,86.8,84.7,15.0,65.1,104.2,87.9,2.95,2.72,1.07,0.251,False,,,,,,,1.12,1.05,1.01,78.0,3.3,NNE,0,False
107,Max Muncy,3B,R,Athletics,home,7,Sutter Health Park,Los Angeles Dodgers,Eric Lauer,L,1,False,7.484,3.16,7.83,6.0,6.94,,,,,,,0.314,0.307,0.287,3.2,4.3,5.2,16.1,14.9,23.4,79.5,78.2,83.5,14.8,69.4,104.5,84.0,4.87,6.15,1.24,0.155,False,,,,,,,1.0,1.0,1.0,61.0,2.3,NNW,0,False
108,Jorbit Vivas,3B,L,Washington Nationals,away,8,Fenway Park,Boston Red Sox,Ranger Suarez,L,1,False,7.441,2.16,9.33,6.89,5.89,,,,,,,0.32,0.377,0.371,7.4,5.7,5.4,22.2,20.0,25.7,78.0,78.2,81.1,15.4,62.4,100.6,81.1,2.83,2.6,1.14,0.249,True,,,,,,,0.95,1.05,1.1,75.5,6.8,ENE,0,False
109,Lawrence Butler,RF,L,Athletics,home,6,Sutter Health Park,Los Angeles Dodgers,Eric Lauer,L,1,False,7.396,4.03,7.0,8.17,6.08,,,,,,,0.419,0.366,0.36,4.5,6.0,4.6,18.2,22.0,24.1,83.2,81.0,80.8,18.3,59.8,105.2,84.4,4.87,6.15,1.24,0.155,True,,,,,,,1.0,1.0,1.0,61.0,2.3,NNW,0,False
110,Kyle Karros,3B,R,Colorado Rockies,home,6,Coors Field,Miami Marlins,Sandy Alcantara,R,1,False,7.349,2.75,7.8,6.0,8.16,,,,,,,0.354,0.295,0.365,5.9,6.7,7.1,35.3,40.0,33.7,87.3,88.0,85.1,15.5,65.3,102.7,88.5,4.01,3.78,1.24,0.176,True,,,,,,,1.2,1.25,1.12,64.3,4.5,ESE,0,False
111,Kyle Tucker,RF,L,Los Angeles Dodgers,away,7,Sutter Health Park,Athletics,Gage Jump,L,1,False,7.345,1.76,8.0,7.2,7.58,,,,,,,0.383,0.334,0.316,5.6,3.5,2.9,16.7,22.8,18.2,78.4,80.2,80.3,14.5,63.6,98.0,83.5,2.04,1.96,0.96,0.257,True,,,,,,,1.0,1.0,1.0,61.0,2.3,NNW,0,False
112,Tyler Freeman,RF,R,Colorado Rockies,home,2,Coors Field,Miami Marlins,Sandy Alcantara,R,1,False,7.341,2.92,6.33,6.27,8.5,,,,,,,0.27,0.289,0.308,0.0,0.0,2.1,13.3,15.9,21.6,78.1,78.5,80.2,18.5,61.1,100.0,80.8,4.01,3.78,1.24,0.176,True,,,,,,,1.2,1.25,1.12,64.3,4.5,ESE,0,False
113,Max Muncy,3B,L,Los Angeles Dodgers,away,5,Sutter Health Park,Athletics,Gage Jump,L,1,False,7.312,1.74,8.33,6.33,7.74,,,,,,,0.203,0.237,0.327,3.2,2.2,5.4,25.8,23.9,25.2,82.7,83.0,82.5,16.6,62.4,102.1,86.3,2.04,1.96,0.96,0.257,True,,,,,,,1.0,1.0,1.0,61.0,2.3,NNW,0,False
114,Cole Young,2B,L,Seattle Mariners,home,6,T-Mobile Park,Los Angeles Angels,Ryan Johnson,R,1,False,7.284,5.33,6.5,6.17,6.52,,,,,,,0.347,0.322,0.346,0.0,1.5,1.9,22.9,22.7,25.9,83.5,83.6,83.2,14.3,67.6,102.0,84.6,8.84,6.35,1.71,0.165,False,,,,,,,0.9,0.93,0.95,56.0,5.3,SSW,0,True
115,Kerry Carpenter,RF,L,Detroit Tigers,away,5,Yankee Stadium,New York Yankees,Ryan Weathers,L,1,False,7.234,2.75,7.86,6.46,7.33,,,,,,,0.349,0.294,0.316,7.1,4.2,4.4,35.7,35.4,27.4,84.0,84.3,84.4,12.6,69.6,100.6,86.3,3.95,4.14,1.14,0.269,True,,,,,,,1.12,1.05,1.01,78.0,3.3,NNE,0,False
116,Henry Davis,C,R,Pittsburgh Pirates,away,9,Citizens Bank Park,Philadelphia Phillies,Aaron Nola,R,1,False,7.213,3.91,8.25,6.29,6.31,,,,,,,0.28,0.323,0.337,7.1,8.7,9.3,42.9,39.1,34.9,81.1,80.1,80.3,23.6,36.7,106.3,89.1,5.58,4.82,1.45,0.232,True,,,,,,,1.08,1.06,1.03,76.7,2.9,ENE,0,False
117,Christian Yelich,DH,L,Milwaukee Brewers,home,1,American Family Field,Cincinnati Reds,Nick Lodolo,L,1,False,7.199,3.98,4.8,6.7,8.78,,,,,,,0.235,0.308,0.308,7.7,6.7,3.3,61.5,40.0,25.6,93.0,85.6,82.5,14.2,64.8,100.6,83.5,5.59,4.87,1.52,0.18,True,,,,,,,1.06,1.03,1.02,79.6,12.3,S,0,True
118,Andrew Benintendi,DH,L,Chicago White Sox,away,4,Oriole Park at Camden Yards,Baltimore Orioles,Shane Baz,R,1,False,7.191,2.9,6.6,6.36,8.04,,,,,,,0.396,0.356,0.365,3.7,5.4,6.9,29.6,35.1,31.4,86.0,88.2,84.6,13.8,67.7,100.2,83.7,4.31,3.74,1.38,0.199,False,pitcher,0.319,vs RHP,0.346,vs LHB,-0.027,1.1,1.05,1.03,77,4.8,E,10,False
119,Spencer Steer,LF,R,Cincinnati Reds,away,5,American Family Field,Milwaukee Brewers,Robert Gasser,L,1,False,7.152,3.3,6.2,6.91,7.36,,,,,,,0.178,0.214,0.285,5.0,9.1,6.9,25.0,20.5,24.8,84.2,82.8,82.3,13.8,64.5,101.3,87.7,4.5,4.83,1.27,0.238,False,,,,,,,1.06,1.03,1.02,79.6,12.3,S,0,True
120,Zach Neto,SS,R,Los Angeles Angels,away,1,T-Mobile Park,Seattle Mariners,George Kirby,R,1,False,7.145,3.02,3.5,8.69,8.75,,,,,,,0.257,0.324,0.272,8.3,11.7,8.4,33.3,28.3,22.7,84.8,83.9,82.7,15.1,65.8,102.0,85.6,3.94,3.29,1.34,0.209,True,,,,,,,0.9,0.93,0.95,56.0,5.3,SSW,0,True
121,Tyler Callihan,LF,L,Pittsburgh Pirates,away,7,Citizens Bank Park,Philadelphia Phillies,Aaron Nola,R,1,False,7.022,3.26,7.6,4.91,7.32,,,,,,,0.264,0.268,0.305,6.2,2.2,5.1,18.8,15.6,23.1,77.8,78.7,81.7,14.5,64.6,101.0,85.7,5.58,4.82,1.45,0.232,False,,,,,,,1.08,1.06,1.03,76.7,2.9,ENE,0,False
122,Jackson Merrill,CF,L,San Diego Padres,away,3,Wrigley Field,Chicago Cubs,Shota Imanaga,L,1,False,7.011,3.47,5.0,7.92,7.54,,,,,,,0.156,0.249,0.286,3.0,4.1,4.2,24.2,24.3,26.1,83.7,82.0,83.0,17.1,65.6,101.2,87.1,4.4,4.76,1.05,0.238,True,,,,,,,1.05,1.03,1.02,81.4,11.1,S,0,False
123,Gunnar Henderson,SS,L,Baltimore Orioles,home,2,Oriole Park at Camden Yards,Chicago White Sox,Sean Burke,R,1,False,6.997,2.68,5.33,7.17,7.93,,,,,,,0.246,0.273,0.319,0.0,2.6,2.9,17.5,23.7,26.6,82.9,84.6,83.5,13.8,67.3,103.6,83.3,3.71,3.78,1.21,0.239,False,pitcher,0.29,vs RHP,0.305,vs LHB,-0.015,1.1,1.05,1.03,77,4.8,E,10,False
124,Tommy Edman,2B,S,Los Angeles Dodgers,away,6,Sutter Health Park,Athletics,Gage Jump,L,1,False,6.99,1.75,7.5,6.6,6.6,,,,,,,0.343,0.344,0.344,6.2,3.7,3.7,21.9,22.2,22.2,84.0,83.6,83.6,14.9,65.9,102.7,82.8,2.04,1.96,0.96,0.257,False,,,,,,,1.0,1.0,1.0,61.0,2.3,NNW,0,False
125,Edwin Arroyo,2B,S,Cincinnati Reds,away,9,American Family Field,Milwaukee Brewers,Robert Gasser,L,1,False,6.989,3.42,7.75,6.9,4.64,,,,,,,0.454,0.389,0.329,0.0,0.0,0.0,27.3,26.2,18.3,80.1,81.4,81.6,14.3,67.5,98.5,80.9,4.5,4.83,1.27,0.238,False,,,,,,,1.06,1.03,1.02,79.6,12.3,S,0,True
126,Alex Bregman,3B,R,Chicago Cubs,home,2,Wrigley Field,San Diego Padres,,,1,False,6.961,2.91,5.67,7.18,7.12,,,,,,,0.234,0.3,0.284,0.0,0.0,1.2,23.7,21.4,18.8,81.0,78.9,80.5,14.2,67.1,98.6,84.0,,,,,True,,,,,,,1.05,1.03,1.02,81.4,11.1,S,0,False
127,Royce Lewis,3B,R,Minnesota Twins,away,4,Daikin Park,Houston Astros,Peter Lambert,R,1,False,6.921,2.38,5.5,6.83,8.65,,,,,,,0.314,0.282,0.324,5.4,6.2,7.3,21.6,25.0,26.6,84.3,83.5,83.7,15.3,67.1,103.0,87.8,3.28,3.79,1.17,0.225,True,,,,,,,1.0,1.0,1.0,72.0,5.0,N,0,False
128,JJ Bleday,LF,L,Cincinnati Reds,away,3,American Family Field,Milwaukee Brewers,Robert Gasser,L,1,False,6.912,3.1,5.17,6.92,8.23,,,,,,,,,,,,,,,,,,,,,,,4.5,4.83,1.27,0.238,True,,,,,,,1.06,1.03,1.02,79.6,12.3,S,0,True
129,Riley Greene,LF,L,Detroit Tigers,away,3,Yankee Stadium,New York Yankees,Ryan Weathers,L,1,False,6.883,2.6,6.86,5.85,7.38,,,,,,,0.387,0.337,0.332,7.5,5.5,7.1,47.5,38.4,33.3,88.8,87.6,85.9,14.8,67.7,105.4,87.6,3.95,4.14,1.14,0.269,True,,,,,,,1.12,1.05,1.01,78.0,3.3,NNE,0,False
130,Jasson Domínguez,RF,S,New York Yankees,home,3,Yankee Stadium,Detroit Tigers,Casey Mize,R,1,False,6.882,2.27,5.71,6.5,7.36,,,,,,,0.209,0.25,0.245,2.6,3.1,2.7,18.4,20.3,21.9,79.2,80.3,80.3,16.2,64.9,101.0,84.6,2.95,2.72,1.07,0.251,False,,,,,,,1.12,1.05,1.01,78.0,3.3,NNE,0,False
131,Zach McKinstry,2B,L,Detroit Tigers,away,6,Yankee Stadium,New York Yankees,Ryan Weathers,L,1,False,6.807,2.63,8.0,6.25,6.09,,,,,,,0.332,0.302,0.303,0.0,0.0,1.8,15.6,12.7,13.3,81.9,80.5,80.8,13.1,65.3,97.0,82.5,3.95,4.14,1.14,0.269,True,,,,,,,1.12,1.05,1.01,78.0,3.3,NNE,0,False
132,Adley Rutschman,C,S,Baltimore Orioles,home,3,Oriole Park at Camden Yards,Chicago White Sox,Sean Burke,R,1,False,6.805,3.15,8.0,2.75,8.4,,,,,,,0.521,0.213,0.338,0.0,0.0,4.7,0.0,8.3,27.9,82.5,80.8,85.7,12.8,72.6,102.5,88.4,3.71,3.78,1.21,0.239,False,batter,0.345,vs RHP,0.305,vs RHB,0.04,1.1,1.05,1.03,77,4.8,E,10,False
133,Samuel Basallo,C,L,Baltimore Orioles,home,5,Oriole Park at Camden Yards,Chicago White Sox,Sean Burke,R,1,False,6.741,2.54,7.4,5.91,5.6,,,,,,,0.368,0.297,0.326,6.1,3.0,5.4,24.2,16.4,20.2,82.5,80.3,81.1,16.2,62.2,103.4,86.9,3.71,3.78,1.21,0.239,False,batter,0.35,vs RHP,0.305,vs LHB,0.045,1.1,1.05,1.03,77,4.8,E,10,False
134,Yohendrick Piñango,LF,L,Toronto Blue Jays,home,8,Rogers Centre,New York Mets,Sean Manaea,L,1,False,6.737,3.12,8.0,5.4,6.35,,,,,,,0.323,0.259,0.336,12.5,4.2,5.1,37.5,25.0,30.4,89.3,79.7,83.2,15.6,66.3,103.8,85.3,4.87,3.42,1.41,0.234,True,,,,,,,1.05,1.03,1.02,77.9,7.0,ESE,0,True
135,Andrés Giménez,SS,L,Toronto Blue Jays,home,9,Rogers Centre,New York Mets,Sean Manaea,L,1,False,6.727,4.06,5.57,8.17,6.32,,,,,,,0.361,0.327,0.297,0.0,3.5,1.7,21.2,17.5,13.4,78.6,80.4,79.2,17.1,62.3,97.1,80.6,4.87,3.42,1.41,0.234,True,,,,,,,1.05,1.03,1.02,77.9,7.0,ESE,0,True
136,Colson Montgomery,SS,L,Chicago White Sox,away,5,Oriole Park at Camden Yards,Baltimore Orioles,Shane Baz,R,1,False,6.696,3.07,5.0,7.08,8.26,,,,,,,0.281,0.349,0.329,3.8,7.7,7.7,11.5,17.3,28.8,75.7,79.5,81.9,17.9,62.8,104.8,86.0,4.31,3.74,1.38,0.199,False,pitcher,0.316,vs RHP,0.346,vs LHB,-0.03,1.1,1.05,1.03,77,4.8,E,10,False
137,Ezequiel Duran,SS,R,Texas Rangers,away,6,Progressive Field,Cleveland Guardians,Parker Messick,L,1,False,6.642,1.92,6.43,6.67,6.69,,,,,,,0.344,0.312,0.296,4.3,2.5,1.9,25.5,22.5,19.2,80.9,80.6,78.8,16.3,61.9,100.2,78.8,2.67,3.12,1.05,0.272,False,,,,,,,1.0,1.0,1.0,79.2,3.3,SSE,0,False
138,Alec Bohm,3B,R,Philadelphia Phillies,home,4,Citizens Bank Park,Pittsburgh Pirates,Braxton Ashcraft,R,1,False,6.633,2.38,4.83,7.17,7.62,,,,,,,0.267,0.297,0.294,2.6,2.9,4.0,28.2,23.2,21.9,86.3,85.0,83.8,13.2,67.0,101.7,84.8,3.07,2.64,1.09,0.273,True,batter,0.274,vs RHP,0.24,vs RHB,0.034,1.08,1.06,1.03,76.7,2.9,ENE,0,False
139,James Wood,RF,L,Washington Nationals,away,1,Fenway Park,Boston Red Sox,Ranger Suarez,L,1,False,6.623,2.1,5.43,5.31,9.07,,,,,,,0.218,0.289,0.364,0.0,4.8,9.0,28.6,35.5,32.8,83.6,84.7,85.5,15.6,65.2,105.9,92.9,2.83,2.6,1.14,0.249,True,,,,,,,0.95,1.05,1.1,75.5,6.8,ENE,0,False
140,Andrew Vaughn,1B,R,Milwaukee Brewers,home,4,American Family Field,Cincinnati Reds,Nick Lodolo,L,1,False,6.594,3.42,5.0,5.73,7.2,,,,,,,0.339,0.367,0.354,4.3,2.8,2.1,26.1,25.0,33.3,83.0,84.9,86.7,15.3,68.0,102.3,89.7,5.59,4.87,1.52,0.18,False,,,,,,,1.06,1.03,1.02,79.6,12.3,S,0,True
141,Brayan Rocchio,SS,S,Cleveland Guardians,home,6,Progressive Field,Texas Rangers,Tyler Alexander,L,1,False,6.578,2.0,6.67,6.08,6.2,,,,,,,0.251,0.267,0.283,0.0,0.0,0.7,12.8,12.7,17.9,76.1,77.5,79.8,15.3,59.9,98.9,83.2,2.62,3.16,1.31,0.185,False,,,,,,,1.0,1.0,1.0,79.2,3.3,SSE,0,False
142,Yainer Diaz,C,R,Houston Astros,home,6,Daikin Park,Minnesota Twins,Zebby Matthews,R,1,False,6.578,3.11,6.5,6.44,6.44,,,,,,,0.323,0.349,0.349,5.6,4.3,4.3,25.0,23.4,23.4,79.5,80.5,80.5,17.3,60.1,99.2,88.7,4.56,4.83,1.2,0.191,True,,,,,,,1.0,1.0,1.0,72.0,5.0,N,0,False
143,Xander Bogaerts,SS,R,San Diego Padres,away,6,Wrigley Field,Chicago Cubs,Shota Imanaga,L,1,False,6.574,3.02,6.5,6.17,6.04,,,,,,,0.357,0.302,0.316,0.0,0.0,3.1,38.1,29.4,30.6,83.8,83.4,83.7,15.1,64.8,102.7,88.8,4.4,4.76,1.05,0.238,False,,,,,,,1.05,1.03,1.02,81.4,11.1,S,0,False
144,Coby Mayo,3B,R,Baltimore Orioles,home,7,Oriole Park at Camden Yards,Chicago White Sox,Sean Burke,R,1,False,6.53,2.53,7.17,6.22,6.81,,,,,,,0.28,0.227,0.24,4.2,2.9,4.1,37.5,37.1,29.9,82.8,83.6,82.8,19.0,56.8,105.3,85.2,3.71,3.78,1.21,0.239,True,pitcher,0.201,vs RHP,0.305,vs RHB,-0.104,1.1,1.05,1.03,77,4.8,E,10,False
145,Gary Sánchez,C,R,Milwaukee Brewers,home,6,American Family Field,Cincinnati Reds,Nick Lodolo,L,1,False,6.505,3.26,6.67,5.0,6.19,,,,,,,0.403,0.375,0.406,11.1,5.6,7.0,33.3,38.9,30.2,86.4,88.5,85.7,16.6,64.7,105.5,84.4,5.59,4.87,1.52,0.18,False,,,,,,,1.06,1.03,1.02,79.6,12.3,S,0,True
146,Ryan Kreidler,CF,R,Minnesota Twins,away,7,Daikin Park,Houston Astros,Peter Lambert,R,1,False,6.5,2.79,5.4,8.6,5.65,,,,,,,0.312,0.375,0.367,8.3,9.5,7.8,25.0,26.2,25.0,84.4,84.3,83.8,15.2,64.1,101.1,87.1,3.28,3.79,1.17,0.225,True,,,,,,,1.0,1.0,1.0,72.0,5.0,N,0,False
147,Colt Keith,3B,L,Detroit Tigers,away,2,Yankee Stadium,New York Yankees,Ryan Weathers,L,1,False,6.493,3.22,4.29,8.45,6.09,,,,,,,0.284,0.373,0.324,0.0,5.9,7.2,33.3,31.4,29.9,85.2,85.5,83.8,14.4,66.8,101.8,87.2,3.95,4.14,1.14,0.269,True,,,,,,,1.12,1.05,1.01,78.0,3.3,NNE,0,False
148,Wade Meckler,LF,L,Los Angeles Angels,away,6,T-Mobile Park,Seattle Mariners,George Kirby,R,1,False,6.437,2.4,6.17,5.38,7.08,,,,,,,0.309,0.289,0.314,4.2,2.1,3.2,25.0,19.1,17.9,81.5,81.8,81.8,12.8,68.1,98.4,82.8,3.94,3.29,1.34,0.209,False,,,,,,,0.9,0.93,0.95,56.0,5.3,SSW,0,True
149,Chase Meidroth,2B,R,Chicago White Sox,away,6,Oriole Park at Camden Yards,Baltimore Orioles,Shane Baz,R,1,False,6.427,2.7,7.0,4.92,6.72,,,,,,,0.253,0.204,0.239,0.0,0.0,0.8,8.8,11.9,19.0,83.2,80.9,82.5,14.7,68.4,98.8,85.5,4.31,3.74,1.38,0.199,True,batter,0.292,vs RHP,0.279,vs RHB,0.013,1.1,1.05,1.03,77,4.8,E,10,False
150,Colt Emerson,3B,L,Seattle Mariners,home,7,T-Mobile Park,Los Angeles Angels,Ryan Johnson,R,1,False,6.407,4.37,5.67,4.42,6.79,,,,,,,0.333,0.28,0.244,7.1,4.5,5.2,28.6,22.7,19.6,85.3,82.9,80.6,16.5,63.4,100.5,82.3,8.84,6.35,1.71,0.165,False,,,,,,,0.9,0.93,0.95,56.0,5.3,SSW,0,True
151,Derek Hill,RF,R,Philadelphia Phillies,home,8,Citizens Bank Park,Pittsburgh Pirates,Braxton Ashcraft,R,1,False,6.385,2.03,8.5,5.36,4.0,,,,,,,0.334,0.311,0.262,12.5,9.1,7.5,29.2,27.3,26.4,81.2,82.2,81.5,18.1,61.8,101.6,80.7,3.07,2.64,1.09,0.273,True,batter,0.292,vs RHP,0.24,vs RHB,0.052,1.08,1.06,1.03,76.7,2.9,ENE,0,False
152,Mitch Garver,C,R,Seattle Mariners,home,8,T-Mobile Park,Los Angeles Angels,Ryan Johnson,R,1,False,6.377,4.79,8.0,4.0,4.73,,,,,,,0.475,0.354,0.314,0.0,0.0,2.9,20.0,25.0,17.6,86.2,84.6,83.0,12.5,70.9,100.6,88.1,8.84,6.35,1.71,0.165,True,,,,,,,0.9,0.93,0.95,56.0,5.3,SSW,0,True
153,Cody Bellinger,LF,L,New York Yankees,home,4,Yankee Stadium,Detroit Tigers,Casey Mize,R,1,False,6.348,2.22,3.43,7.38,8.04,,,,,,,0.371,0.374,0.354,2.6,1.5,3.3,33.3,25.0,22.0,84.4,84.0,82.6,14.0,66.5,101.8,86.4,2.95,2.72,1.07,0.251,False,,,,,,,1.12,1.05,1.01,78.0,3.3,NNE,0,False
154,Jake Mangum,LF,S,Pittsburgh Pirates,away,8,Citizens Bank Park,Philadelphia Phillies,Aaron Nola,R,1,False,6.327,3.58,5.17,5.5,7.6,,,,,,,0.186,0.237,0.272,2.4,1.3,1.2,11.9,12.7,15.0,81.7,78.7,79.4,17.1,63.4,96.9,84.9,5.58,4.82,1.45,0.232,False,,,,,,,1.08,1.06,1.03,76.7,2.9,ENE,0,False
155,Noelvi Marte,RF,R,Cincinnati Reds,away,6,American Family Field,Milwaukee Brewers,Robert Gasser,L,1,False,6.302,3.03,5.17,5.9,7.42,,,,,,,0.379,0.305,0.367,7.1,4.7,6.7,17.9,16.3,21.3,79.7,81.0,83.6,14.6,64.2,105.5,88.2,4.5,4.83,1.27,0.238,False,,,,,,,1.06,1.03,1.02,79.6,12.3,S,0,True
156,Matt Chapman,3B,R,San Francisco Giants,away,1,Chase Field,Arizona Diamondbacks,Eduardo Rodriguez,L,1,False,6.286,1.68,4.83,3.55,9.62,,,,,,,0.302,0.252,0.365,3.1,1.6,5.1,15.6,19.4,27.4,78.4,79.0,82.3,16.0,63.3,102.9,83.8,2.27,4.06,1.21,0.18,False,,,,,,,1.05,1.03,1.02,79.7,1.1,SSE,0,True
157,Josh Jung,3B,R,Texas Rangers,away,2,Progressive Field,Cleveland Guardians,Parker Messick,L,1,False,6.258,2.04,4.67,5.92,7.42,,,,,,,0.245,0.291,0.306,2.7,4.2,2.8,27.0,31.0,29.7,83.4,85.8,84.0,14.1,65.6,101.2,89.4,2.67,3.12,1.05,0.272,False,,,,,,,1.0,1.0,1.0,79.2,3.3,SSE,0,False
158,Vladimir Guerrero Jr.,1B,R,Toronto Blue Jays,home,3,Rogers Centre,New York Mets,Sean Manaea,L,1,False,6.203,3.45,4.86,5.83,6.04,,,,,,,0.319,0.303,0.307,5.1,6.1,3.7,30.8,28.8,33.6,84.9,84.0,84.2,17.2,62.9,105.4,87.5,4.87,3.42,1.41,0.234,False,,,,,,,1.05,1.03,1.02,77.9,7.0,ESE,0,True
159,Elly De La Cruz,SS,S,Cincinnati Reds,away,1,American Family Field,Milwaukee Brewers,Robert Gasser,L,1,False,6.164,2.51,4.8,4.8,7.0,,,,,,,0.366,0.366,0.395,0.0,0.0,3.2,30.8,30.8,35.5,88.5,88.5,89.7,14.0,73.1,107.0,92.9,4.5,4.83,1.27,0.238,False,,,,,,,1.06,1.03,1.02,79.6,12.3,S,0,True
160,Tommy Troy,LF,R,Arizona Diamondbacks,home,9,Chase Field,San Francisco Giants,Tyler Mahle,R,1,False,6.093,3.62,6.17,6.09,5.44,,,,,,,0.301,0.315,0.312,6.1,8.3,8.0,21.2,22.9,20.0,79.0,78.8,78.7,17.3,55.0,101.9,85.2,5.49,4.69,1.46,0.228,True,,,,,,,1.05,1.03,1.02,79.7,1.1,SSE,0,True
161,Keibert Ruiz,C,S,Washington Nationals,away,9,Fenway Park,Boston Red Sox,Ranger Suarez,L,1,False,6.091,2.06,6.4,5.33,6.16,,,,,,,0.304,0.298,0.3,0.0,0.0,1.1,16.7,23.4,23.1,82.4,81.9,82.0,16.3,66.9,101.2,85.0,2.83,2.6,1.14,0.249,False,,,,,,,0.95,1.05,1.1,75.5,6.8,ENE,0,False
162,Cooper Pratt,SS,R,Milwaukee Brewers,home,8,American Family Field,Cincinnati Reds,Nick Lodolo,L,1,False,6.041,3.65,4.5,6.17,6.17,,,,,,,0.305,0.334,0.334,5.9,2.0,2.0,23.5,16.3,16.3,80.2,80.6,80.6,13.8,66.5,100.1,81.8,5.59,4.87,1.52,0.18,False,,,,,,,1.06,1.03,1.02,79.6,12.3,S,0,True
163,Kyle Manzardo,1B,L,Cleveland Guardians,home,4,Progressive Field,Texas Rangers,Tyler Alexander,L,1,False,6.015,1.88,4.5,6.58,6.92,,,,,,,0.254,0.302,0.295,0.0,5.8,3.4,16.0,21.2,21.6,82.8,83.5,82.6,14.9,67.0,99.4,84.8,2.62,3.16,1.31,0.185,True,,,,,,,1.0,1.0,1.0,79.2,3.3,SSE,0,False
164,Cooper Ingle,C,L,Cleveland Guardians,home,7,Progressive Field,Texas Rangers,Tyler Alexander,L,1,False,5.932,6.0,6.0,6.0,6.0,,,,,,,0.276,0.276,0.276,0.0,0.0,0.0,15.4,15.4,15.4,75.8,75.8,75.8,23.2,46.6,95.5,88.3,2.62,3.16,1.31,0.185,True,,,,,,,1.0,1.0,1.0,79.2,3.3,SSE,0,False
165,Jakob Marsee,CF,L,Miami Marlins,away,1,Coors Field,Colorado Rockies,,,1,False,5.912,2.86,4.0,5.75,6.0,,,,,,,0.208,0.259,0.3,0.0,1.6,0.9,17.9,21.3,20.2,83.4,80.9,80.6,15.4,62.7,99.5,80.8,,,,,False,,,,,,,1.2,1.25,1.12,64.3,4.5,ESE,0,False
166,J.P. Crawford,SS,L,Seattle Mariners,home,1,T-Mobile Park,Los Angeles Angels,Ryan Johnson,R,1,False,5.899,3.89,4.5,3.92,5.33,,,,,,,0.21,0.238,0.291,0.0,0.0,1.0,28.2,23.8,23.3,83.0,81.7,81.0,15.5,65.3,99.4,82.2,8.84,6.35,1.71,0.165,False,,,,,,,0.9,0.93,0.95,56.0,5.3,SSW,0,True
167,Gavin Sheets,1B,L,San Diego Padres,away,5,Wrigley Field,Chicago Cubs,Shota Imanaga,L,1,False,5.897,2.85,5.5,5.75,6.32,,,,,,,0.391,0.347,0.304,3.6,3.8,3.0,28.6,28.3,26.3,83.4,83.6,81.7,16.3,61.5,101.1,84.4,4.4,4.76,1.05,0.238,True,,,,,,,1.05,1.03,1.02,81.4,11.1,S,0,False
168,Lourdes Gurriel Jr.,LF,R,Arizona Diamondbacks,home,5,Chase Field,San Francisco Giants,Tyler Mahle,R,1,False,5.873,3.42,6.6,5.0,5.0,,,,,,,0.256,0.238,0.238,0.0,0.0,0.0,22.2,16.0,16.0,82.6,80.1,80.1,12.3,64.2,97.2,83.0,5.49,4.69,1.46,0.228,True,,,,,,,1.05,1.03,1.02,79.7,1.1,SSE,0,True
169,Hao-Yu Lee,2B,R,Detroit Tigers,away,7,Yankee Stadium,New York Yankees,Ryan Weathers,L,1,False,5.848,2.54,5.71,5.54,5.71,,,,,,,0.325,0.244,0.285,0.0,0.0,2.8,25.0,18.9,23.9,79.2,79.5,80.0,18.6,60.2,99.9,84.0,3.95,4.14,1.14,0.269,False,,,,,,,1.12,1.05,1.01,78.0,3.3,NNE,0,False
170,Heriberto Hernández,LF,R,Miami Marlins,away,5,Coors Field,Colorado Rockies,,,1,False,5.845,2.77,4.67,5.6,7.67,,,,,,,0.282,0.283,0.337,3.7,4.9,7.0,29.6,31.7,33.7,84.0,84.7,86.3,14.7,65.7,104.9,89.6,,,,,True,,,,,,,1.2,1.25,1.12,64.3,4.5,ESE,0,False
171,Amed Rosario,3B,R,New York Yankees,home,6,Yankee Stadium,Detroit Tigers,Casey Mize,R,1,False,5.843,2.01,7.0,6.12,4.27,,,,,,,0.354,0.34,0.311,7.1,5.1,3.5,32.1,28.2,22.8,85.7,84.7,83.0,13.7,66.2,102.7,84.3,2.95,2.72,1.07,0.251,True,,,,,,,1.12,1.05,1.01,78.0,3.3,NNE,0,False
172,CJ Abrams,SS,L,Washington Nationals,away,4,Fenway Park,Boston Red Sox,Ranger Suarez,L,1,False,5.812,2.13,3.17,7.17,7.84,,,,,,,0.148,0.231,0.255,0.0,3.5,3.8,4.3,19.3,25.4,77.3,81.0,83.6,14.4,65.7,101.5,88.6,2.83,2.6,1.14,0.249,True,,,,,,,0.95,1.05,1.1,75.5,6.8,ENE,0,False
173,Alika Williams,SS,R,Athletics,home,9,Sutter Health Park,Los Angeles Dodgers,Eric Lauer,L,1,False,5.81,2.71,6.25,3.88,5.74,,,,,,,0.207,0.191,0.228,0.0,0.0,0.0,19.0,17.4,19.2,73.0,74.3,78.5,17.6,60.9,99.8,85.1,4.87,6.15,1.24,0.155,False,,,,,,,1.0,1.0,1.0,61.0,2.3,NNW,0,False
174,Jackson Holliday,2B,L,Baltimore Orioles,home,9,Oriole Park at Camden Yards,Chicago White Sox,Sean Burke,R,1,False,5.752,2.42,5.5,6.11,5.7,,,,,,,0.257,0.273,0.312,10.0,7.1,8.2,20.0,25.0,25.9,78.0,82.3,83.1,12.7,69.6,101.3,87.3,3.71,3.78,1.21,0.239,False,pitcher,0.294,vs RHP,0.305,vs LHB,-0.011,1.1,1.05,1.03,77,4.8,E,10,False
175,Miguel Amaya,C,R,Chicago Cubs,home,8,Wrigley Field,San Diego Padres,,,1,False,5.745,2.79,6.33,5.5,5.15,,,,,,,0.287,0.352,0.362,0.0,0.0,3.3,9.5,20.7,20.0,77.3,80.6,79.6,16.1,57.4,100.6,86.3,,,,,True,,,,,,,1.05,1.03,1.02,81.4,11.1,S,0,False
176,Ernie Clement,2B,R,Toronto Blue Jays,home,6,Rogers Centre,New York Mets,Sean Manaea,L,1,False,5.712,2.76,5.67,3.9,6.88,,,,,,,0.291,0.22,0.247,0.0,0.0,0.7,10.0,11.3,14.7,83.4,82.1,81.0,13.6,61.6,96.0,83.3,4.87,3.42,1.41,0.234,False,,,,,,,1.05,1.03,1.02,77.9,7.0,ESE,0,True
177,Victor Robles,RF,R,Seattle Mariners,home,9,T-Mobile Park,Los Angeles Angels,Ryan Johnson,R,1,False,5.638,4.35,6.75,4.22,3.47,,,,,,,0.202,0.214,0.236,0.0,0.0,1.7,15.4,13.8,13.6,79.9,81.0,80.2,15.2,63.1,96.4,82.7,8.84,6.35,1.71,0.165,True,,,,,,,0.9,0.93,0.95,56.0,5.3,SSW,0,True
178,Alex Freeland,2B,S,Los Angeles Dodgers,away,8,Sutter Health Park,Athletics,Gage Jump,L,1,False,5.565,1.65,6.17,4.67,5.73,,,,,,,0.346,0.29,0.312,0.0,0.0,1.0,24.0,21.7,26.5,82.3,80.6,82.3,14.3,68.3,100.6,83.2,2.04,1.96,0.96,0.257,False,,,,,,,1.0,1.0,1.0,61.0,2.3,NNW,0,False
179,Troy Johnston,RF,L,Colorado Rockies,home,7,Coors Field,Miami Marlins,Sandy Alcantara,R,1,False,5.486,2.38,4.17,4.11,7.96,,,,,,,0.337,0.332,0.349,0.0,0.0,2.5,23.8,16.7,22.9,83.3,82.2,84.2,12.4,68.5,101.6,86.0,4.01,3.78,1.24,0.176,False,,,,,,,1.2,1.25,1.12,64.3,4.5,ESE,0,False
180,Joey Loperfido,LF,L,Houston Astros,home,5,Daikin Park,Minnesota Twins,Zebby Matthews,R,1,False,5.48,2.66,5.14,5.08,4.53,,,,,,,0.303,0.375,0.341,6.9,7.3,5.1,13.8,17.1,13.6,79.2,80.3,81.1,14.1,68.0,96.7,84.9,4.56,4.83,1.2,0.191,False,,,,,,,1.0,1.0,1.0,72.0,5.0,N,0,False
181,Michael Conforto,DH,L,Chicago Cubs,home,7,Wrigley Field,San Diego Padres,,,1,False,5.417,2.37,6.8,4.62,3.12,,,,,,,0.393,0.381,0.287,5.0,4.5,6.2,20.0,18.2,20.8,84.1,83.4,81.9,14.6,68.5,100.4,79.3,,,,,False,,,,,,,1.05,1.03,1.02,81.4,11.1,S,0,False
182,David Hamilton,3B,L,Milwaukee Brewers,home,9,American Family Field,Cincinnati Reds,Nick Lodolo,L,1,False,5.366,3.18,4.6,4.9,6.29,,,,,,,0.196,0.219,0.256,0.0,3.7,4.7,5.9,11.1,20.9,82.3,78.2,81.3,17.1,62.4,100.2,79.8,5.59,4.87,1.52,0.18,True,,,,,,,1.06,1.03,1.02,79.6,12.3,S,0,True
183,Jeff McNeil,2B,L,Athletics,home,8,Sutter Health Park,Los Angeles Dodgers,Eric Lauer,L,1,False,5.363,3.24,5.33,5.69,4.09,,,,,,,0.316,0.296,0.275,0.0,0.0,0.0,20.4,17.1,15.9,80.3,78.5,79.8,13.4,61.0,96.7,80.0,4.87,6.15,1.24,0.155,True,,,,,,,1.0,1.0,1.0,61.0,2.3,NNW,0,False
184,Vaughn Grissom,2B,R,Los Angeles Angels,away,5,T-Mobile Park,Seattle Mariners,George Kirby,R,1,False,5.349,2.27,5.2,4.11,6.86,,,,,,,0.36,0.286,0.349,0.0,0.0,2.8,11.1,7.1,12.7,81.8,78.1,78.5,16.4,57.8,97.8,85.8,3.94,3.29,1.34,0.209,True,,,,,,,0.9,0.93,0.95,56.0,5.3,SSW,0,True
185,Nolan Arenado,3B,R,Arizona Diamondbacks,home,7,Chase Field,San Francisco Giants,Tyler Mahle,R,1,False,5.328,3.34,5.83,4.83,4.69,,,,,,,0.252,0.256,0.225,5.3,2.9,2.7,15.8,17.6,18.4,80.0,80.0,81.0,14.3,62.7,98.3,81.1,5.49,4.69,1.46,0.228,True,,,,,,,1.05,1.03,1.02,79.7,1.1,SSE,0,True
186,Alejandro Osuna,LF,L,Texas Rangers,away,9,Progressive Field,Cleveland Guardians,Parker Messick,L,1,False,5.189,1.85,5.71,5.25,5.22,,,,,,,0.338,0.318,0.294,0.0,0.0,0.0,21.7,20.3,20.9,84.1,83.4,82.7,14.0,68.5,100.8,81.2,2.67,3.12,1.05,0.272,True,,,,,,,1.0,1.0,1.0,79.2,3.3,SSE,0,False
187,Ben Rice,1B,L,New York Yankees,home,2,Yankee Stadium,Detroit Tigers,Casey Mize,R,1,False,5.188,2.09,1.14,6.31,7.96,,,,,,,0.136,0.29,0.305,0.0,4.3,3.4,20.6,27.1,27.2,83.8,83.2,83.9,17.1,61.6,103.2,84.9,2.95,2.72,1.07,0.251,False,,,,,,,1.12,1.05,1.01,78.0,3.3,NNE,0,False
188,Sung-Mun Song,2B,L,San Diego Padres,away,8,Wrigley Field,Chicago Cubs,Shota Imanaga,L,1,False,5.18,2.74,5.5,5.11,4.75,,,,,,,0.37,0.252,0.258,14.3,6.2,1.9,14.3,12.5,13.0,80.7,80.7,79.4,14.4,63.7,97.9,84.2,4.4,4.76,1.05,0.238,True,,,,,,,1.05,1.03,1.02,81.4,11.1,S,0,False
189,Ezequiel Tovar,SS,R,Colorado Rockies,home,9,Coors Field,Miami Marlins,Sandy Alcantara,R,1,False,5.124,2.4,5.67,4.27,5.09,,,,,,,0.186,0.157,0.2,0.0,0.0,2.4,18.5,11.8,14.2,80.5,80.0,78.9,15.4,62.3,96.8,79.0,4.01,3.78,1.24,0.176,True,,,,,,,1.2,1.25,1.12,64.3,4.5,ESE,0,False
190,Sal Frelick,RF,L,Milwaukee Brewers,home,7,American Family Field,Cincinnati Reds,Nick Lodolo,L,1,False,5.015,3.39,4.0,4.91,5.83,,,,,,,0.383,0.347,0.312,4.8,2.7,1.1,19.0,18.9,23.9,79.4,80.2,82.6,15.9,62.5,99.0,82.9,5.59,4.87,1.52,0.18,True,,,,,,,1.06,1.03,1.02,79.6,12.3,S,0,True
191,Mark Vientos,1B,R,New York Mets,away,6,Rogers Centre,Toronto Blue Jays,Trey Yesavage,R,1,False,4.973,2.48,3.83,6.64,4.75,,,,,,,0.272,0.31,0.244,4.2,4.7,4.2,8.3,16.3,19.7,78.2,81.2,80.6,16.2,62.0,102.3,87.5,3.56,3.75,1.17,0.233,True,,,,,,,1.05,1.03,1.02,77.9,7.0,ESE,0,True
192,Tsung-Che Cheng,SS,L,Boston Red Sox,home,9,Fenway Park,Washington Nationals,Miles Mikolas,R,1,False,4.924,4.33,4.33,4.33,4.33,,,,,,,0.271,0.271,0.271,11.1,11.1,11.1,22.2,22.2,22.2,83.1,83.1,83.1,14.6,65.0,101.7,92.7,5.24,5.32,1.29,0.135,False,,,,,,,0.95,1.05,1.1,75.5,6.8,ENE,0,False
193,Taylor Trammell,CF,L,Houston Astros,home,7,Daikin Park,Minnesota Twins,Zebby Matthews,R,1,False,4.922,2.31,5.67,3.78,3.67,,,,,,,0.482,0.394,0.295,10.0,8.7,5.7,40.0,34.8,24.5,87.3,86.8,85.0,13.5,69.4,106.0,87.5,4.56,4.83,1.2,0.191,False,,,,,,,1.0,1.0,1.0,72.0,5.0,N,0,False
194,Colton Cowser,RF,L,Baltimore Orioles,home,8,Oriole Park at Camden Yards,Chicago White Sox,Sean Burke,R,1,False,4.906,2.52,2.5,5.73,7.23,,,,,,,0.275,0.331,0.375,7.7,6.1,8.1,46.2,36.4,24.2,87.8,83.1,82.7,16.4,63.7,103.4,90.2,3.71,3.78,1.21,0.239,False,batter,0.32,vs RHP,0.305,vs LHB,0.015,1.1,1.05,1.03,77,4.8,E,10,False
195,Steven Kwan,CF,L,Cleveland Guardians,home,1,Progressive Field,Texas Rangers,Tyler Alexander,L,1,False,4.88,1.7,5.17,3.75,4.27,,,,,,,0.331,0.314,0.322,0.0,0.0,0.0,9.7,12.5,9.8,77.3,79.5,80.6,12.8,65.0,93.9,81.5,2.62,3.16,1.31,0.185,True,,,,,,,1.0,1.0,1.0,79.2,3.3,SSE,0,False
196,Daylen Lile,LF,L,Washington Nationals,away,6,Fenway Park,Boston Red Sox,Ranger Suarez,L,1,False,4.676,1.81,4.83,3.67,6.54,,,,,,,0.167,0.219,0.288,0.0,0.0,1.9,5.0,9.5,16.0,78.3,80.0,81.3,12.5,65.9,97.8,82.9,2.83,2.6,1.14,0.249,True,,,,,,,0.95,1.05,1.1,75.5,6.8,ENE,0,False
197,Elias Díaz,C,R,Texas Rangers,away,8,Progressive Field,Cleveland Guardians,Parker Messick,L,1,False,4.485,1.85,4.6,4.3,4.31,,,,,,,0.184,0.23,0.238,0.0,0.0,0.0,13.0,15.6,22.0,79.5,79.7,80.9,16.7,63.0,101.8,83.8,2.67,3.12,1.05,0.272,False,,,,,,,1.0,1.0,1.0,79.2,3.3,SSE,0,False
198,Ildemaro Vargas,1B,S,Arizona Diamondbacks,home,8,Chase Field,San Francisco Giants,Tyler Mahle,R,1,False,4.454,3.51,3.4,5.09,3.52,,,,,,,0.323,0.311,0.286,5.9,2.6,2.0,23.5,21.1,21.6,80.6,83.7,81.3,15.4,63.5,101.8,84.1,5.49,4.69,1.46,0.228,False,,,,,,,1.05,1.03,1.02,79.7,1.1,SSE,0,True
199,Pavin Smith,DH,L,Arizona Diamondbacks,home,6,Chase Field,San Francisco Giants,Tyler Mahle,R,1,False,4.29,3.1,3.0,5.0,3.63,,,,,,,0.247,0.279,0.263,0.0,2.8,2.8,21.1,22.2,18.3,82.1,84.5,81.5,12.7,66.1,99.0,80.1,5.49,4.69,1.46,0.228,False,,,,,,,1.05,1.03,1.02,79.7,1.1,SSE,0,True
200,Oswald Peraza,2B,R,Los Angeles Angels,away,7,T-Mobile Park,Seattle Mariners,George Kirby,R,1,False,4.238,2.4,3.0,4.44,5.87,,,,,,,0.153,0.216,0.249,0.0,2.4,4.5,15.0,22.0,26.8,79.4,81.0,81.5,16.8,59.4,102.6,83.9,3.94,3.29,1.34,0.209,True,,,,,,,0.9,0.93,0.95,56.0,5.3,SSW,0,True
201,Justin Crawford,CF,L,Philadelphia Phillies,home,9,Citizens Bank Park,Pittsburgh Pirates,Braxton Ashcraft,R,1,False,4.218,2.11,3.57,5.23,4.33,,,,,,,0.322,0.313,0.277,0.0,0.0,0.0,25.9,16.7,13.2,80.1,79.7,79.3,14.6,64.3,97.5,82.2,3.07,2.64,1.09,0.273,False,neutral,0.291,vs RHP,0.297,vs LHB,-0.006,1.08,1.06,1.03,76.7,2.9,ENE,0,False
202,Luke Keaschall,2B,R,Minnesota Twins,away,6,Daikin Park,Houston Astros,Peter Lambert,R,1,False,4.202,2.3,1.83,5.67,6.27,,,,,,,0.198,0.324,0.327,0.0,1.9,1.7,11.1,16.7,21.0,80.4,79.9,80.5,15.8,62.9,98.0,83.0,3.28,3.79,1.17,0.225,True,,,,,,,1.0,1.0,1.0,72.0,5.0,N,0,False
203,Alejandro Kirk,C,R,Toronto Blue Jays,home,7,Rogers Centre,New York Mets,Sean Manaea,L,1,False,4.141,2.32,4.0,2.9,4.67,,,,,,,0.176,0.14,0.208,3.3,2.4,1.9,13.3,14.3,16.7,79.1,79.6,80.7,13.4,63.9,98.0,86.3,4.87,3.42,1.41,0.234,False,,,,,,,1.05,1.03,1.02,77.9,7.0,ESE,0,True
204,Matt Vierling,CF,R,Detroit Tigers,away,9,Yankee Stadium,New York Yankees,Ryan Weathers,L,1,False,4.103,2.2,3.83,4.27,3.52,,,,,,,0.355,0.281,0.28,0.0,2.1,3.4,31.8,25.5,21.8,85.1,84.4,83.4,15.1,68.9,100.6,88.8,3.95,4.14,1.14,0.269,False,,,,,,,1.12,1.05,1.01,78.0,3.3,NNE,0,False
205,Rodolfo Durán,C,R,San Diego Padres,away,9,Wrigley Field,Chicago Cubs,Shota Imanaga,L,1,False,3.962,2.01,4.25,2.3,4.61,,,,,,,0.128,0.13,0.232,0.0,0.0,3.7,17.6,15.4,20.4,82.8,80.3,82.5,15.6,63.4,98.6,87.3,4.4,4.76,1.05,0.238,False,,,,,,,1.05,1.03,1.02,81.4,11.1,S,0,False
206,Joey Meneses,1B,R,Athletics,home,2,Sutter Health Park,Los Angeles Dodgers,Eric Lauer,L,1,False,3.937,2.38,2.75,3.2,3.2,,,,,,,0.345,0.354,0.354,0.0,0.0,0.0,44.4,40.0,40.0,88.0,86.8,86.8,16.9,60.3,102.7,86.7,4.87,6.15,1.24,0.155,False,,,,,,,1.0,1.0,1.0,61.0,2.3,NNW,0,False
207,Jacob Young,CF,R,Washington Nationals,away,7,Fenway Park,Boston Red Sox,Ranger Suarez,L,1,False,3.911,1.79,3.67,3.2,4.79,,,,,,,0.194,0.216,0.245,4.0,2.6,4.4,16.0,20.5,21.1,83.0,84.2,83.9,12.9,65.0,100.8,85.7,2.83,2.6,1.14,0.249,False,,,,,,,0.95,1.05,1.1,75.5,6.8,ENE,0,False
208,Brett Baty,3B,L,New York Mets,away,8,Rogers Centre,Toronto Blue Jays,Trey Yesavage,R,1,False,3.901,1.89,4.29,3.0,3.62,,,,,,,0.363,0.286,0.263,6.7,4.9,2.9,16.7,12.2,17.6,78.5,79.0,80.0,14.3,63.4,98.3,81.2,3.56,3.75,1.17,0.233,False,,,,,,,1.05,1.03,1.02,77.9,7.0,ESE,0,True
209,Griffin Conine,LF,L,Miami Marlins,away,6,Coors Field,Colorado Rockies,,,1,False,3.898,2.27,4.0,3.33,3.33,,,,,,,0.229,0.201,0.201,0.0,0.0,0.0,25.0,21.1,21.1,80.1,79.2,79.2,19.4,57.5,107.0,93.2,,,,,False,,,,,,,1.2,1.25,1.12,64.3,4.5,ESE,0,False
210,Braxton Fulford,DH,R,Colorado Rockies,home,8,Coors Field,Miami Marlins,Sandy Alcantara,R,1,False,3.84,2.28,3.0,3.86,4.8,,,,,,,0.147,0.214,0.267,0.0,7.7,5.3,12.5,23.1,15.8,73.0,80.6,76.3,18.0,59.0,102.6,79.9,4.01,3.78,1.24,0.176,True,,,,,,,1.2,1.25,1.12,64.3,4.5,ESE,0,False
211,Raynel Delgado,2B,L,Houston Astros,home,9,Daikin Park,Minnesota Twins,Zebby Matthews,R,1,False,3.835,2.24,3.57,3.33,3.31,,,,,,,0.274,0.274,0.279,5.0,3.6,3.1,25.0,25.0,21.9,79.0,81.4,80.8,17.1,66.6,97.2,84.3,4.56,4.83,1.2,0.191,False,,,,,,,1.0,1.0,1.0,72.0,5.0,N,0,False
212,Austin Hedges,C,R,Cleveland Guardians,home,9,Progressive Field,Texas Rangers,Tyler Alexander,L,1,False,3.774,1.7,3.75,2.57,4.57,,,,,,,0.456,0.304,0.321,11.1,5.0,5.6,44.4,25.0,18.5,89.4,84.3,78.3,19.2,56.8,97.8,86.1,2.62,3.16,1.31,0.185,False,,,,,,,1.0,1.0,1.0,79.2,3.3,SSE,0,False
213,Tyler Heineman,C,S,Los Angeles Angels,away,9,T-Mobile Park,Seattle Mariners,George Kirby,R,1,False,3.736,1.73,1.5,4.25,5.33,,,,,,,0.3,0.419,0.382,0.0,0.0,0.0,20.0,13.3,6.2,77.5,76.5,75.1,12.4,59.8,90.9,72.7,3.94,3.29,1.34,0.209,False,,,,,,,0.9,0.93,0.95,56.0,5.3,SSW,0,True
214,Alex Jackson,C,R,Minnesota Twins,away,9,Daikin Park,Houston Astros,Peter Lambert,R,1,False,3.701,2.36,1.5,5.83,4.57,,,,,,,0.115,0.226,0.235,0.0,0.0,0.0,0.0,25.0,23.4,74.0,77.9,77.9,20.2,54.6,98.3,78.9,3.28,3.79,1.17,0.225,True,,,,,,,1.0,1.0,1.0,72.0,5.0,N,0,False
215,Spencer Jones,RF,L,New York Yankees,home,5,Yankee Stadium,Detroit Tigers,Casey Mize,R,1,False,3.548,1.79,1.2,4.4,5.18,,,,,,,0.128,0.187,0.233,0.0,0.0,2.0,18.2,26.9,31.4,83.7,85.6,85.9,13.1,72.1,100.6,85.1,2.95,2.72,1.07,0.251,False,,,,,,,1.12,1.05,1.01,78.0,3.3,NNE,0,False
216,James Outman,CF,L,Detroit Tigers,away,8,Yankee Stadium,New York Yankees,Ryan Weathers,L,1,False,3.492,2.19,5.33,4.18,0.0,,,,,,,0.337,0.272,0.294,13.3,8.0,10.0,26.7,32.0,33.3,81.8,81.6,81.9,20.4,61.2,103.0,83.0,3.95,4.14,1.14,0.269,True,,,,,,,1.12,1.05,1.01,78.0,3.3,NNE,0,False
217,Eric Wagaman,1B,R,New York Mets,away,4,Rogers Centre,Toronto Blue Jays,Trey Yesavage,R,1,False,3.423,1.76,3.5,3.18,2.92,,,,,,,0.217,0.266,0.263,7.7,4.3,4.3,7.7,17.4,17.4,77.5,80.1,80.1,17.7,68.4,101.7,80.5,3.56,3.75,1.17,0.233,True,,,,,,,1.05,1.03,1.02,77.9,7.0,ESE,0,True
218,Austin Martin,RF,R,Minnesota Twins,away,8,Daikin Park,Houston Astros,Peter Lambert,R,1,False,3.325,1.8,3.33,3.3,3.68,,,,,,,0.353,0.304,0.263,0.0,0.0,0.0,23.5,19.2,14.1,81.9,78.3,80.9,15.4,59.0,96.7,86.0,3.28,3.79,1.17,0.225,True,,,,,,,1.0,1.0,1.0,72.0,5.0,N,0,False
219,Gabriel Arias,SS,R,Cleveland Guardians,home,8,Progressive Field,Texas Rangers,Tyler Alexander,L,1,False,3.124,1.71,2.4,3.22,3.22,,,,,,,0.147,0.191,0.191,0.0,0.0,0.0,37.5,29.2,29.2,81.0,79.8,79.8,18.3,57.5,99.8,79.3,2.62,3.16,1.31,0.185,False,,,,,,,1.0,1.0,1.0,79.2,3.3,SSE,0,False
220,Adrian Del Castillo,DH,L,Arizona Diamondbacks,home,4,Chase Field,San Francisco Giants,Tyler Mahle,R,1,False,3.113,2.92,2.0,3.17,2.08,,,,,,,0.223,0.278,0.263,0.0,3.0,2.1,16.7,24.2,19.1,85.8,86.7,85.6,10.6,72.1,99.6,85.4,5.49,4.69,1.46,0.228,False,,,,,,,1.05,1.03,1.02,79.7,1.1,SSE,0,True
221,Colby Thomas,RF,R,Athletics,home,5,Sutter Health Park,Los Angeles Dodgers,Eric Lauer,L,1,False,3.108,2.07,3.67,1.38,2.16,,,,,,,0.13,0.139,0.241,0.0,5.6,4.1,9.1,16.7,22.4,81.7,84.4,83.0,13.8,68.2,101.1,84.0,4.87,6.15,1.24,0.155,False,,,,,,,1.0,1.0,1.0,61.0,2.3,NNW,0,False
222,Miguel Andujar,DH,R,San Diego Padres,away,7,Wrigley Field,Chicago Cubs,Shota Imanaga,L,1,False,3.106,2.11,3.0,2.57,2.81,,,,,,,0.395,0.376,0.285,0.0,0.0,1.8,33.3,31.2,17.9,86.7,87.1,80.9,15.0,63.1,101.6,82.6,4.4,4.76,1.05,0.238,False,,,,,,,1.05,1.03,1.02,81.4,11.1,S,0,False
223,Dylan Beavers,RF,L,Baltimore Orioles,home,6,Oriole Park at Camden Yards,Chicago White Sox,Sean Burke,R,1,False,3.061,2.66,3.0,3.0,3.0,,,,,,,0.233,0.233,0.233,0.0,0.0,0.0,14.3,14.3,14.3,76.0,76.0,76.0,9.7,68.3,86.5,71.0,3.71,3.78,1.21,0.239,False,neutral,0.312,vs RHP,0.305,vs LHB,0.007,1.1,1.05,1.03,77,4.8,E,10,False
224,Luis Torrens,C,R,New York Mets,away,9,Rogers Centre,Toronto Blue Jays,Trey Yesavage,R,1,False,3.051,1.91,2.25,2.86,4.88,,,,,,,0.263,0.224,0.303,0.0,0.0,4.1,15.4,17.2,16.4,80.2,80.7,81.3,13.7,67.1,98.0,85.0,3.56,3.75,1.17,0.233,True,,,,,,,1.05,1.03,1.02,77.9,7.0,ESE,0,True
225,Austin Wells,C,L,New York Yankees,home,8,Yankee Stadium,Detroit Tigers,Casey Mize,R,1,False,2.905,1.79,3.0,2.62,2.62,,,,,,,0.22,0.199,0.226,0.0,0.0,2.3,34.6,31.0,30.2,83.9,84.6,84.0,15.2,62.5,102.9,87.0,2.95,2.72,1.07,0.251,False,,,,,,,1.12,1.05,1.01,78.0,3.3,NNE,0,False
226,Jake Meyers,CF,R,Houston Astros,home,8,Daikin Park,Minnesota Twins,Zebby Matthews,R,1,False,2.592,2.0,2.0,2.31,3.48,,,,,,,0.289,0.255,0.23,0.0,3.2,2.0,21.1,22.6,16.3,78.8,81.3,81.9,13.0,65.3,98.8,86.0,4.56,4.83,1.2,0.191,True,,,,,,,1.0,1.0,1.0,72.0,5.0,N,0,False
227,Brian Navarreto,C,R,Miami Marlins,away,9,Coors Field,Colorado Rockies,,,1,False,2.5,2.5,2.5,2.5,2.5,,,,,,,0.252,0.252,0.252,0.0,0.0,0.0,0.0,0.0,0.0,53.7,53.7,53.7,34.4,23.5,84.7,53.7,,,,,True,,,,,,,1.2,1.25,1.12,64.3,4.5,ESE,0,False
228,Eric Haase,C,R,San Francisco Giants,away,8,Chase Field,Arizona Diamondbacks,Eduardo Rodriguez,L,1,False,2.262,1.63,1.0,2.2,3.54,,,,,,,0.151,0.159,0.214,0.0,0.0,7.1,0.0,0.0,21.4,76.7,74.3,79.3,18.2,60.2,101.8,83.7,2.27,4.06,1.21,0.18,False,,,,,,,1.05,1.03,1.02,79.7,1.1,SSE,0,True
229,Chuckie Robinson,C,R,Los Angeles Dodgers,away,9,Sutter Health Park,Athletics,Gage Jump,L,1,False,1.972,1.62,2.5,1.67,1.43,,,,,,,0.169,0.153,0.158,0.0,0.0,0.0,0.0,7.4,10.3,70.3,74.4,76.0,19.4,48.4,95.0,75.6,2.04,1.96,0.96,0.257,False,,,,,,,1.0,1.0,1.0,61.0,2.3,NNW,0,False
230,Jonah Cox,CF,R,San Francisco Giants,away,9,Chase Field,Arizona Diamondbacks,Eduardo Rodriguez,L,1,False,1.721,1.68,0.75,1.29,3.05,,,,,,,0.088,0.088,0.276,0.0,0.0,4.5,11.1,11.1,27.3,76.3,76.3,76.9,21.1,44.4,101.3,79.4,2.27,4.06,1.21,0.18,False,,,,,,,1.05,1.03,1.02,79.7,1.1,SSE,0,True
231,Evan Carter,CF,L,Texas Rangers,away,7,Progressive Field,Cleveland Guardians,Parker Messick,L,1,False,0.718,1.69,0.0,0.0,3.82,,,,,,,0.025,0.025,0.232,0.0,0.0,0.0,0.0,0.0,18.8,75.8,75.8,78.8,18.8,64.3,101.6,82.5,2.67,3.12,1.05,0.272,True,,,,,,,1.0,1.0,1.0,79.2,3.3,SSE,0,False
232,Romy Gonzalez,1B,R,Boston Red Sox,home,5,Fenway Park,Washington Nationals,Miles Mikolas,R,1,False,0.394,0,0.0,0.0,0.0,,,,,,,0.265,0.265,0.265,0.0,0.0,0.0,16.7,16.7,16.7,81.8,81.8,81.8,13.5,69.2,97.9,86.1,5.24,5.32,1.29,0.135,True,,,,,,,0.95,1.05,1.1,75.5,6.8,ENE,0,False
233,Oswaldo Cabrera,3B,S,New York Yankees,home,7,Yankee Stadium,Detroit Tigers,Casey Mize,R,1,False,0.133,0,0.0,0.0,0.0,,,,,,,0.08,0.08,0.08,0.0,0.0,0.0,12.5,12.5,12.5,71.1,71.1,71.1,21.1,52.0,90.4,69.3,2.95,2.72,1.07,0.251,False,,,,,,,1.12,1.05,1.01,78.0,3.3,NNE,0,False
234,TJ Friedl,CF,L,Cincinnati Reds,away,8,American Family Field,Milwaukee Brewers,Robert Gasser,L,1,False,0.014,2.64,0.0,0.0,0.0,,,,,,,0.161,0.161,0.195,0.0,0.0,0.0,60.0,60.0,50.0,92.8,92.8,90.8,12.2,72.4,101.2,97.0,4.5,4.83,1.27,0.238,True,,,,,,,1.06,1.03,1.02,79.6,12.3,S,0,True
